England/LSPA-32607CE8/2022,England/PHEP-YYGYJ54/2022
England/LOND-YYBKHQU/2022,OY310812
England/QEUH-326154C1/2022,England/QEUH-3260BE39/2022
England/LSPA-32600599/2022,England/LSPA-325EE29B/2022
England/LSPA-326140DD/2022,England/PHEP-YYGNWXR/2022
England/LSPA-3261AEBF/2022,OY308385
England/QEUH-325F6139/2022,England/QEUH-32623F92/2022
England/PHEC-YY8X9RW/2022,England/LSPA-32613C25/2022
OY328368,England/LSPA-326124E2/2022
England/QEUH-32616F1A/2022,England/LSPA-325EB1A0/2022
England/PHEC-YY8Q9WI/2022,England/LSPA-326040C1/2022
England/PHEC-YY8URYQ/2022,OY311202
England/LSPA-32604DAC/2022,England/PHEC-YY8QBDS/2022
England/PHEP-YYGYBTS/2022,OY988811
England/PHEC-YY8PRGX/2022,England/LSPA-32615379/2022
England/QEUH-3260D3A1/2022,England/QEUH-325F2B5D/2022
OY314406,England/LSPA-325FACF8/2022
OY325898,England/PHEC-YY8XTFY/2022
England/LSPA-326061DB/2022,England/PHEC-YY8PFMR/2022
England/PLYM-325EDD13/2022,England/PHEC-YY8T7RT/2022
England/PHEC-YY8OH3J/2022,England/PHEC-YY8XR8J/2022
OY988438,England/LSPA-32608740/2022
England/LSPA-3260F363/2022,England/PHEP-YYF91FY/2022
England/QEUH-325ED733/2022,England/QEUH-325F5695/2022
England/LSPA-32617368/2022,England/LSPA-32602306/2022
England/LSPA-32609053/2022,England/LSPA-325FA4B4/2022
England/PHEC-YY8THY4/2022,England/LSPA-325FFFCD/2022
England/QEUH-3263AD61/2022,England/PHEC-YY8UKUB/2022
England/PHEP-YYGY4T7/2022,England/PHEP-YYGB6FO/2022
England/PHEP-YYGY3OY/2022,OY312330
England/QEUH-3263AE7D/2022,England/PHEC-YY8QOYP/2022
England/LSPA-32604B75/2022,England/PHEC-YY81Q98/2022
England/PHEC-YY8PY4K/2022,England/LSPA-325F88D8/2022
England/PHEC-YY8O46B/2022,England/LSPA-32601C57/2022
England/PHEC-YY8OBAG/2022,England/LSPA-325F1DC1/2022
England/LSPA-3260255B/2022,England/QEUH-3263A499/2022
England/LSPA-32614E00/2022,England/QEUH-325EB9B7/2022
England/QEUH-3260246D/2022,England/PHEC-YY8O3Y9/2022
England/PHEC-YY8TZ4K/2022,England/PHEC-YY8O6O3/2022
England/QEUH-326197A6/2022,England/PHEP-YYF9HO9/2022
England/PHEC-YY8XCXT/2022,England/LSPA-325F94F1/2022
England/LSPA-32638862/2022,England/PHEC-YY8QYHR/2022
England/QEUH-325ED8A9/2022,England/LSPA-3260DE82/2022
England/LSPA-325F3E9F/2022,England/PHEC-YY8X9GO/2022
England/PHEP-YYGBCXQ/2022,England/LSPA-325F8F4C/2022
England/LSPA-325EC6BF/2022,England/LSPA-325E7EE9/2022
England/LSPA-326089FF/2022,England/LSPA-32615731/2022
England/PHEC-YY8OWRH/2022,England/PHEP-YYGBISS/2022
England/LSPA-325F263E/2022,England/PHEC-YY8OR9I/2022
England/LSPA-325EBF6A/2022,England/PHEC-YY8P9ZT/2022
England/PHEP-YYGDYCH/2022,England/PHEP-YYGYCID/2022
England/LSPA-3261A71E/2022,England/PHEP-YYGYOT8/2022
England/LSPA-325ED1AE/2022,England/QEUH-325F2E90/2022
England/PHEP-YYGDY3B/2022,England/PHEP-YYGNS4M/2022
England/LSPA-325F267A/2022,England/LSPA-32606803/2022
England/PHEC-YY8P5MQ/2022,England/LSPA-325FA8C7/2022
England/QEUH-3260C1E4/2022,England/QEUH-3260BFDC/2022
England/LSPA-32606BBF/2022,England/LSPA-3261153B/2022
England/PHEC-YY8P519/2022,England/PHEC-YY8TG37/2022
England/LSPA-3260204B/2022,England/PHEC-YY8QCZN/2022
England/QEUH-32618983/2022,England/LSPA-326151AC/2022
England/PHEC-YY8QD67/2022,OY739795
England/LSPA-325EFC8D/2022,OY326149
England/LSPA-325F4DBF/2022,England/PHEC-YY8TJTK/2022
England/QEUH-325FD554/2022,England/PLYM-325E4BB8/2022
England/PHEP-YYGBQA3/2022,OY313485
England/PHEC-YYEOEOQ/2022,England/PHEC-YY8QCTQ/2022
England/LSPA-3260460B/2022,England/LSPA-3261524F/2022
England/QEUH-3260CAF8/2022,OY988029
England/QEUH-326060DE/2022,England/PHEC-YY8OWGA/2022
England/QEUH-325F90C0/2022,England/PHEC-YY8XIW7/2022
England/PHEC-YY81MI6/2022,England/QEUH-325ECF1E/2022
England/LSPA-325ECD05/2022,England/PHEP-YYGB5JM/2022
England/PHEP-YYGBE37/2022,England/PHEC-YY8OFC5/2022
England/LSPA-326047BD/2022,England/LSPA-32606DD7/2022
England/QEUH-325ED4F0/2022,England/PHEP-YYGNS15/2022
England/QEUH-325EF6AD/2022,England/LSPA-3260F767/2022
OY316906,England/QEUH-325EE644/2022
OY297383,England/PHEC-YY8XJDC/2022
England/QEUH-325EE92D/2022,England/LSPA-326152E5/2022
England/PHEC-YY8TCHT/2022,England/LSPA-32603851/2022
England/QEUH-32617ACD/2022,England/PHEC-YY87E63/2022
England/PHEC-YY8PHEU/2022,England/QEUH-3261785A/2022
England/LSPA-325F72F9/2022,England/PLYM-325EC725/2022
England/QEUH-325F8D51/2022,OY315591
England/PHEP-YYGBFIE/2022,England/PHEC-YY8OAZT/2022
England/PHEP-YYGNBSE/2022,England/LSPA-325EC4D3/2022
England/LSPA-32602B0E/2022,England/QEUH-325F204F/2022
England/PHEC-YY8OPKZ/2022,England/PHEP-YYGNT6E/2022
England/PHEC-YY81XOR/2022,England/LSPA-325EBFF1/2022
England/QEUH-326053A9/2022,England/LSPA-32614E79/2022
England/LSPA-32614662/2022,England/QEUH-32622643/2022
England/LSPA-325F4F22/2022,England/PHEP-YYGNCMW/2022
England/PHEC-YY8ONFC/2022,England/PHEC-YY8PY4K/2022
England/LSPA-325FA7CA/2022,England/PHEC-YY8X6N3/2022
England/QEUH-325F9ED5/2022,England/QEUH-3260153E/2022
England/LSPA-32605D41/2022,England/LSPA-3261B3DD/2022
England/PHEC-YY81CNR/2022,England/LSPA-32612B65/2022
England/PHEC-YY8O8RJ/2022,England/LSPA-3261858F/2022
England/LSPA-32603AA6/2022,England/LOND-YYBK5HZ/2022
England/QEUH-325EE93C/2022,OY319741
England/PHEC-YY8PZXK/2022,England/PHEC-YY8OZHE/2022
England/QEUH-325FBDF4/2022,England/LSPA-325F4229/2022
England/QEUH-32622BEA/2022,England/LSPA-3260E416/2022
England/QEUH-3260F20C/2022,England/QEUH-32605D05/2022
England/LSPA-326086DA/2022,England/LSPA-326160CC/2022
England/LSPA-32609C6E/2022,England/PHEC-YY8TXEZ/2022
England/LSPA-325E799D/2022,England/PHEC-YY8O8RJ/2022
England/LSPA-326021EE/2022,England/LSPA-326117F9/2022
England/QEUH-32624544/2022,England/LSPA-3260B5E9/2022
England/LSPA-32608B44/2022,England/PHEC-YY8T54G/2022
England/PHEC-YY8QZOF/2022,England/LSPA-32601A8A/2022
England/LSPA-3260B455/2022,England/PHEP-YYGB3KM/2022
England/PHEC-YY8TZPF/2022,England/LSPA-325E9C0B/2022
England/PHEC-YY8XKOO/2022,OY317953
England/QEUH-32601F03/2022,England/LSPA-325E47E1/2022
England/PHEC-YY8QWZ4/2022,England/PHEC-YY8T9JF/2022
England/QEUH-325FD484/2022,England/LSPA-3260AF55/2022
England/LSPA-32608124/2022,England/LSPA-32602FE4/2022
England/LSPA-32606A2B/2022,England/QEUH-32623994/2022
England/LSPA-325F9576/2022,England/QEUH-325FC28B/2022
England/QEUH-32616D5C/2022,England/LSPA-32612576/2022
England/PHEC-YY8Q319/2022,England/PHEC-YY8P1YP/2022
England/QEUH-325F2B3F/2022,England/LSPA-325F7815/2022
England/QEUH-325F598D/2022,England/LSPA-3260B7B6/2022
England/QEUH-325FD2D5/2022,England/PHEP-YYGBCDG/2022
England/LSPA-3260F952/2022,England/LSPA-32600F13/2022
England/LSPA-32618437/2022,England/LSPA-32604D33/2022
England/PHEC-YY8ZC8O/2022,England/QEUH-32602A01/2022
England/QEUH-325F987D/2022,England/LSPA-3260AF37/2022
England/LSPA-326139E2/2022,England/LSPA-325FE9FD/2022
England/PHEC-YY8Q8TU/2022,England/PHEP-YYGYFNT/2022
England/QEUH-32623BAD/2022,England/PHEC-YY8PFUU/2022
OY328376,England/QEUH-3261BB20/2022
England/QEUH-32616581/2022,England/PHEP-YYF95ET/2022
England/LSPA-32607662/2022,England/PHEC-YY8QHT6/2022
England/LSPA-326000D4/2022,England/LSPA-325F4906/2022
England/PHEC-YY8OKA7/2022,OY323945
England/QEUH-32605224/2022,England/LSPA-32606AA3/2022
England/PHEC-YY8TUXF/2022,England/PHEP-YYGYOZ5/2022
England/PHEP-YYGYMR8/2022,England/LSPA-326174DE/2022
England/LSPA-326099FE/2022,England/LSPA-325FA065/2022
England/LSPA-32609C04/2022,England/PHEC-YY8PHON/2022
England/QEUH-3263665B/2022,England/QEUH-32623D2F/2022
England/QEUH-326058D7/2022,England/QEUH-3261A16B/2022
England/QEUH-3260E425/2022,England/QEUH-325EDAEF/2022
England/LSPA-32614CD9/2022,England/LSPA-325FB7C9/2022
England/QEUH-32605A59/2022,England/QEUH-325FD0BD/2022
England/PHEC-YY8O8UK/2022,England/QEUH-32614AFD/2022
England/QEUH-325F5CC0/2022,England/PHEC-YY81OAU/2022
England/PHEC-YY8TH79/2022,England/QEUH-32620C25/2022
England/PHEP-YYGY6B4/2022,England/QEUH-32618D1E/2022
England/LSPA-325EA02C/2022,England/PHEC-YY8TAT5/2022
England/LSPA-32619357/2022,England/LSPA-3260C278/2022
England/QEUH-3260CE38/2022,OY989202
OY305746,England/LSPA-325F6649/2022
England/PHEC-YY8OHGO/2022,England/LSPA-32602166/2022
England/LSPA-32608151/2022,England/PHEC-YY8XTUD/2022
England/LSPA-326092E4/2022,England/QEUH-32602315/2022
England/PHEP-YYGBRWM/2022,England/PHEC-YY8TO3U/2022
England/PHEP-YYF9UZ4/2022,England/LSPA-3260FEEA/2022
England/PHEP-YYGNX6K/2022,OY306635
England/PHEC-YY8PYQD/2022,England/QEUH-325ED557/2022
England/LSPA-3261BAD8/2022,England/LSPA-3261790C/2022
England/QEUH-325EEF0D/2022,England/QEUH-325EEE2E/2022
England/LSPA-32601F4F/2022,England/LSPA-32607F3A/2022
England/QEUH-325F249E/2022,England/PHEP-YYGBGMH/2022
England/QEUH-326FA79C/2022,England/LSPA-32611DD9/2022
England/LSPA-3260CFAE/2022,England/QEUH-32639333/2022
England/LSPA-325F6737/2022,England/LSPA-3261241F/2022
England/PHEC-YY81RCA/2022,England/QEUH-32613A3A/2022
England/LSPA-325FA96A/2022,England/PHEC-YY8OM9Q/2022
England/PHEP-YYF9WUB/2022,England/LSPA-326052F7/2022
England/PHEC-YY8PEDT/2022,England/LSPA-3260BDB4/2022
England/PLYM-325E4BB8/2022,England/PHEC-YY8PTSB/2022
England/PHEP-YYGNJHW/2022,England/QEUH-3260579E/2022
England/PHEC-YY8PFY4/2022,England/LSPA-3261A7E1/2022
England/LSPA-325F5000/2022,England/QEUH-3261C7FE/2022
England/QEUH-32606162/2022,England/PHEC-YY8OC9P/2022
England/LSPA-325FD93A/2022,England/LSPA-325F14EA/2022
OY336100,England/QEUH-325F5853/2022
England/QEUH-32605AB3/2022,England/LSPA-325E960D/2022
England/LSPA-325F55B6/2022,England/QEUH-3260E7C2/2022
England/QEUH-325FD26C/2022,England/PHEC-YY8QCRJ/2022
England/PHEP-YYGB6HB/2022,England/LSPA-32606FC2/2022
England/LSPA-326160EA/2022,England/PHEC-YY81XAW/2022
England/LSPA-32608A92/2022,England/LSPA-32611EE5/2022
England/LSPA-325F215B/2022,England/PLYM-325E8817/2022
England/LSPA-325FC8A7/2022,England/LSPA-32610A6A/2022
England/LSPA-3262D3BA/2022,England/QEUH-326235EB/2022
England/QEUH-32656BCF/2022,England/PHEP-YYGYAGS/2022
England/PHEC-YY8XJ8R/2022,England/QEUH-325EED21/2022
England/PHEC-YY8XDQH/2022,England/PHEC-YY8XB95/2022
England/PHEP-YYGBMUG/2022,England/LSPA-32692C4C/2022
England/LSPA-3261B6D4/2022,England/PHEP-YYF9U7Q/2022
England/LSPA-3260A8E1/2022,England/PHEP-YYGYRPH/2022
England/QEUH-32619B40/2022,England/PHEC-YY8OGNQ/2022
OY294547,OY323949
England/LSPA-326052F7/2022,England/LSPA-325FF455/2022
England/LSPA-325F32FD/2022,England/PHEP-YYGYCID/2022
England/PHEC-YY81Q7M/2022,England/PHEP-YYGBAQR/2022
England/LSPA-32607037/2022,England/QEUH-3261E6E0/2022
England/PHEC-YY8XWQM/2022,England/QEUH-325FC898/2022
England/PHEC-YY8O6ZM/2022,England/LSPA-32604E6D/2022
England/PHEC-YY8ZSAD/2022,England/PHEC-YYE84EY/2022
OY317235,England/PHEP-YYGB3PF/2022
England/LSPA-325F7B0D/2022,England/QEUH-325EEC9D/2022
England/PHEC-YY8QIM1/2022,England/LSPA-325F9C08/2022
England/PHEC-YY8OQT8/2022,England/QEUH-3261E70B/2022
England/LSPA-32615C8D/2022,England/LSPA-325FFE84/2022
England/LSPA-325FE061/2022,England/QEUH-3260CA43/2022
England/PHEC-YY8O1ES/2022,England/LSPA-325ECF2D/2022
England/QEUH-325ED636/2022,England/PHEC-YY8Q1QX/2022
England/LSPA-3261594A/2022,England/LSPA-32603EAA/2022
England/PHEC-YY81KZ5/2022,England/PHEC-YY8O1G4/2022
England/LSPA-326195CA/2022,England/LSPA-326096E8/2022
England/QEUH-326367EF/2022,England/LSPA-3266A2F0/2022
England/LSPA-3260D8C0/2022,England/PHEP-YYGY8UC/2022
England/QEUH-3261A013/2022,England/PHEP-YYGB4HF/2022
England/PHEC-YY81XWH/2022,England/LSPA-326031B0/2022
England/QEUH-3260F4CA/2022,England/LSPA-325FBB72/2022
England/LSPA-32606A58/2022,England/PHEP-YYF9O33/2022
England/QEUH-3263F704/2022,England/QEUH-32604164/2022
England/PHEC-YY8QYB5/2022,England/LSPA-3261C0F3/2022
England/PHEP-YYF9A4X/2022,England/PHEC-YY8QCPZ/2022
England/PHEC-YY8QASA/2022,England/PHEC-YY8OC5I/2022
England/PHEP-YYGNQZ3/2022,England/PHEP-YYF97HG/2022
England/PHEP-YYGBFJB/2022,OY738703
England/PLYM-325E86E0/2022,England/LSPA-32619C2F/2022
England/QEUH-32654BB2/2022,England/PHEC-YY8PSZ4/2022
OY307798,England/QEUH-3263373D/2022
England/PHEC-YY813UW/2022,England/PHEC-YY8OC7T/2022
England/LSPA-3260993A/2022,England/QEUH-325F5E33/2022
England/PLYM-325E6C59/2022,England/PHEC-YY8ZM4K/2022
England/LSPA-3260825E/2022,England/QEUH-32605AFF/2022
England/PHEP-YYGY4MK/2022,OY988697
England/LSPA-325F7271/2022,England/LSPA-325F2D0C/2022
England/PHEC-YY8T3JM/2022,England/LSPA-325E90D2/2022
England/QEUH-326337A6/2022,England/LSPA-325EA7DC/2022
England/PHEC-YY8PAS4/2022,England/LSPA-325F9664/2022
England/PHEP-YYF97O6/2022,OZ179076
England/LSPA-32600F22/2022,England/QEUH-325F3284/2022
England/LSPA-325ED997/2022,England/QEUH-32601826/2022
OY314424,England/LSPA-3261550A/2022
England/LSPA-325F3336/2022,England/PHEP-YYGBIMP/2022
England/LSPA-3261775D/2022,England/PHEP-YYGNWGS/2022
England/LSPA-325E564D/2022,OY989188
England/LSPA-325E5A7E/2022,England/PHEC-YY8X9AM/2022
OY296924,England/PHEC-YY8TJE7/2022
England/LSPA-325E8BF0/2022,England/PHEP-YYGNEHI/2022
England/LSPA-32600F22/2022,England/LSPA-32624896/2022
England/QEUH-3262285C/2022,England/PHEP-YYGBEZB/2022
England/LSPA-325EFEB4/2022,England/LSPA-326177B7/2022
England/LSPA-3260933C/2022,England/PHEC-YY8PH8I/2022
England/QEUH-3260F04E/2022,England/QEUH-325EE468/2022
England/QEUH-32632886/2022,England/LSPA-326037CD/2022
England/LSPA-3261A918/2022,England/LSPA-32613E6B/2022
England/QEUH-3260EDC0/2022,England/LSPA-3261AD85/2022
England/LSPA-32617474/2022,OY321702
England/QEUH-32644E61/2022,England/QEUH-3263E41D/2022
England/LSPA-3260D2B3/2022,OY316223
England/PHEP-YYGBJR8/2022,England/QEUH-326216DB/2022
England/LSPA-3261D669/2022,England/PHEP-YYGYI4O/2022
England/QEUH-3260FB3E/2022,England/LSPA-32607547/2022
England/PHEP-YYGBNKN/2022,England/QEUH-3261D502/2022
England/LSPA-32621486/2022,England/PHEP-YYGB3N5/2022
England/QEUH-32632974/2022,England/BRBR-32685769/2022
England/QEUH-32623518/2022,England/PHEP-YYGYDFP/2022
England/QEUH-32613566/2022,England/PHEC-YY8XGUQ/2022
England/QEUH-3260EA7E/2022,England/LSPA-325F2D0C/2022
England/LSPA-325E7A6D/2022,England/LSPA-3260A8D2/2022
England/LSPA-32607547/2022,England/LSPA-325F9655/2022
England/PHEC-YY8O7IO/2022,England/LSPA-32611F00/2022
England/QEUH-326057F8/2022,England/QEUH-325EFA74/2022
England/LSPA-325FB170/2022,England/LSPA-32618543/2022
England/PHEP-YYGYRJR/2022,England/LSPA-32615FFD/2022
England/PHEC-YY81F3H/2022,England/LSPA-32613706/2022
England/LSPA-32609044/2022,England/PHEC-YY8QH6R/2022
England/LSPA-32615E96/2022,England/PHEC-YY81NTX/2022
OY305304,OY332126
England/QEUH-325FCF75/2022,England/PHEC-YY8QB7B/2022
England/QEUH-325EEEF1/2022,England/QEUH-325EB191/2022
England/PHEC-YY8XBZM/2022,OY306867
England/QEUH-3260F04E/2022,England/PHEC-YY81P3W/2022
England/QEUH-325ECAC2/2022,England/LSPA-32610E8C/2022
England/LSPA-326079F0/2022,England/LSPA-326109B8/2022
England/PHEP-YYGNSJQ/2022,England/LSPA-3260DDEF/2022
England/LSPA-3261C512/2022,England/LSPA-3262242B/2022
England/PHEP-YYGDBRM/2022,England/LSPA-325F644F/2022
England/LSPA-325EDB46/2022,England/PLYM-326F49D8/2022
England/PHEC-YY81XOR/2022,England/LSPA-325FE09E/2022
England/PHEC-YY8TXKU/2022,England/LSPA-325EA0B3/2022
England/PHEC-YY8P47K/2022,England/PHEC-YY81F9O/2022
England/PHEC-YY8TEGN/2022,England/LSPA-325E5AAB/2022
England/PHEC-YY8TOAI/2022,England/QEUH-32605AE0/2022
England/PHEC-YY8UJ1R/2022,England/LSPA-326093F0/2022
England/PHEC-YY8T7NI/2022,England/PHEC-YY8T47B/2022
England/PHEC-YY8P34T/2022,OY294575
OY532173,England/PHEC-YY81TA1/2022
England/LSPA-3261ADC1/2022,England/LSPA-325FC9FF/2022
England/LSPA-3260AFEC/2022,England/LSPA-3260D49F/2022
England/PHEC-YY8TOZZ/2022,England/QEUH-325EE3B6/2022
England/LSPA-325FE016/2022,England/LSPA-3261239A/2022
England/QEUH-3264660D/2022,England/QEUH-325F1D3A/2022
England/LSPA-325FAEA7/2022,England/PHEC-YY8XBSP/2022
England/LSPA-325F5CA2/2022,England/PHEC-YY8Q781/2022
England/PLYM-325E84C8/2022,England/LSPA-325F13CF/2022
England/LSPA-3260A67E/2022,England/LSPA-325EA0FF/2022
England/PHEC-YY8OBZE/2022,England/QEUH-3263AEC8/2022
England/PHEP-YYGNWSI/2022,England/LSPA-325F4E8F/2022
England/QEUH-325EE468/2022,England/LSPA-32608B80/2022
England/PHEP-YYGYGB1/2022,England/LSPA-32601738/2022
England/PHEC-YY8TNER/2022,England/LSPA-325EC92F/2022
England/PHEC-YY8ZCT5/2022,England/QEUH-325F3D0B/2022
OZ179066,England/LSPA-326186C8/2022
England/LSPA-325E97BF/2022,England/LSPA-325FAC34/2022
England/LSPA-32603790/2022,England/LSPA-32619515/2022
England/PHEC-YY813GX/2022,England/LSPA-325F37D0/2022
England/QEUH-325F3DCF/2022,England/PHEP-YYGBICM/2022
England/LSPA-326119E4/2022,England/PHEC-YY8TGX1/2022
England/LSPA-3262242B/2022,England/PHEC-YY81P7C/2022
England/PHEC-YY8X4GI/2022,England/PHEC-YY81JOK/2022
England/LSPA-325F2847/2022,England/PHEC-YY8QW6C/2022
England/PHEP-YYGNB56/2022,England/QEUH-325F9A77/2022
OY315451,OY336347
England/LSPA-3260B0AC/2022,England/LSPA-32608BEA/2022
OY319378,England/QEUH-325FD3C3/2022
England/LSPA-325FEEC1/2022,England/PHEC-YY81QDY/2022
England/QEUH-325EBFB5/2022,England/LSPA-325F2337/2022
England/PHEP-YYGBM9Q/2022,England/LSPA-32606900/2022
England/QEUH-325EF9D1/2022,OY312189
England/PHEC-YY8TGNC/2022,England/QEUH-325E953D/2022
England/LSPA-325E9746/2022,England/LSPA-32607ADF/2022
England/QEUH-325F91AF/2022,England/PHEC-YY8PSOE/2022
England/LSPA-3260A18C/2022,England/LSPA-32603903/2022
England/LSPA-3260A8A5/2022,England/QEUH-325F9AFF/2022
England/PHEP-YYGNRI8/2022,England/LSPA-3260B877/2022
England/PHEP-YYF9AQE/2022,England/PHEP-YYF9AU7/2022
England/QEUH-32604076/2022,England/QEUH-325EB7BD/2022
England/LSPA-32608959/2022,England/LSPA-3261676D/2022
England/PHEC-YY8X7N4/2022,England/PHEC-YY818FD/2022
England/LSPA-3261C0F3/2022,England/PHEC-YY8QWAA/2022
England/PHEP-YYGYP4A/2022,England/LSPA-325FF7A7/2022
England/QEUH-3261E99C/2022,England/PHEP-YYGB3RZ/2022
England/PHEP-YYGB1HP/2022,England/QEUH-326196D6/2022
England/PHEC-YY8ONZ8/2022,England/PHEP-YYGDY3B/2022
England/PHEC-YY8UEJA/2022,England/LSPA-32611B93/2022
England/LSPA-32615E96/2022,England/LSPA-32601361/2022
England/PHEC-YY8XJ55/2022,OY318025
England/PHEC-YY8QNW1/2022,England/LSPA-325F413B/2022
England/LSPA-325FE1B9/2022,OY313727
England/LSPA-326147BA/2022,England/LSPA-325F008D/2022
OY306635,England/QEUH-325FCE3C/2022
England/PHEC-YY8TWFA/2022,England/LSPA-325E9C0B/2022
England/LSPA-326162D5/2022,England/LSPA-325ECC53/2022
England/PHEP-YYGBUF5/2022,England/PHEP-YYGYU3W/2022
England/PHEP-YYGBOTF/2022,England/PHEP-YYGYCTM/2022
OY988416,England/LSPA-32608106/2022
England/PHEC-YY8XAHK/2022,England/PLYM-325EC37C/2022
England/QEUH-3260DAF7/2022,England/PHEC-YY8T566/2022
England/PHEC-YY81GWF/2022,England/QEUH-325F7903/2022
England/PHEC-YY81SZX/2022,England/QEUH-3261E835/2022
OY319723,England/PHEC-YY8ZPY7/2022
England/QEUH-3261C099/2022,England/LSPA-3260A85A/2022
England/PHEP-YYF9S98/2022,England/PHEP-YYGB79H/2022
England/QEUH-325F359A/2022,England/QEUH-326027EC/2022
England/PHEC-YY8OFBT/2022,England/LSPA-3261A532/2022
England/PHEC-YY8XC61/2022,England/LSPA-3260C506/2022
England/QEUH-32603F7A/2022,England/LSPA-32610806/2022
England/PHEC-YY8PZ1D/2022,England/QEUH-32604076/2022
England/LSPA-3261340F/2022,England/LSPA-3260E66B/2022
England/QEUH-325EF7D7/2022,England/QEUH-326239FE/2022
England/QEUH-325F9637/2022,England/PHEP-YYGDNY1/2022
England/LSPA-326082D6/2022,England/PHEC-YY8154R/2022
England/PHEC-YY8OK7U/2022,England/QEUH-3263357F/2022
England/LSPA-3260CADA/2022,England/PHEC-YY8THBA/2022
England/LSPA-326126EC/2022,England/PHEC-YY8PO7W/2022
England/PHEC-YY8URBC/2022,England/QEUH-325FD202/2022
England/LSPA-32615C8D/2022,England/LSPA-325E8FF4/2022
England/LSPA-325FEC21/2022,England/LSPA-325F5D18/2022
England/LSPA-325ECFA5/2022,England/QEUH-32615D4E/2022
England/PHEP-YYGY8DP/2022,England/LSPA-32603727/2022
England/LSPA-326050B1/2022,England/LSPA-325FBFEF/2022
England/PHEP-YYGN1NY/2022,England/PHEP-YYGB3GU/2022
England/LSPA-325ECB0B/2022,OY296778
England/QEUH-326FA87B/2022,England/LSPA-32614F0D/2022
England/QEUH-3261D71B/2022,England/PLYM-325E6CB3/2022
England/QEUH-326198D0/2022,England/PHEP-YYGNQ1D/2022
OY324311,England/LSPA-325E89AB/2022
England/PHEC-YY8XEDP/2022,England/QEUH-325FD105/2022
England/LSPA-32618033/2022,England/LSPA-325F6D26/2022
England/QEUH-326FAB72/2022,OY298065
OY333627,England/PHEP-YYGBDJD/2022
England/PHEP-YYGBXDD/2022,England/LSPA-326159FF/2022
England/PHEP-YYGY3OY/2022,England/PHEC-YY8Q913/2022
England/LSPA-3260F10F/2022,England/LSPA-325F5361/2022
England/LSPA-325FB25F/2022,England/PHEP-YYGYQBK/2022
England/PHEC-YY8OH5F/2022,England/LSPA-3260FD0B/2022
England/LSPA-3260D848/2022,England/PHEP-YYGBOW9/2022
England/QEUH-3261BC0F/2022,England/LOND-YYBK4WE/2022
England/QEUH-325EACBF/2022,England/LSPA-3262469C/2022
England/PHEC-YY8PRQ9/2022,England/QEUH-3261668E/2022
England/LSPA-325FBFEF/2022,England/LSPA-32615BBD/2022
England/PHEC-YY81POG/2022,England/LSPA-325E7C49/2022
England/PHEC-YY8TDNX/2022,OY321865
England/QEUH-325FD0F9/2022,England/PHEP-YYGNF6W/2022
England/PHEC-YY81BIE/2022,England/LSPA-325FA3A8/2022
England/PHEC-YY8P48Z/2022,England/PHEP-YYGBQHT/2022
England/PHEC-YY81PEZ/2022,OY319767
England/LSPA-325F4E52/2022,England/LOND-YYBKHWG/2022
England/LSPA-32618D96/2022,England/PHEC-YY8TZ9Y/2022
England/LSPA-32600502/2022,England/LSPA-3260064B/2022
England/QEUH-3263E538/2022,England/QEUH-325F01D5/2022
England/LSPA-3260310B/2022,England/LSPA-325F1505/2022
England/LSPA-3261B1D3/2022,England/QEUH-3264599C/2022
England/LSPA-32621495/2022,OY987693
OY987693,England/LSPA-32614D7C/2022
England/LSPA-3260A3D1/2022,England/PHEP-YYGBZKP/2022
England/LSPA-325E7F7D/2022,England/QEUH-325F5871/2022
England/PHEC-YY8XT3Z/2022,England/QEUH-3261B795/2022
England/LSPA-325EDD31/2022,England/PHEP-YYGYIYF/2022
England/PHEC-YY8Q8KN/2022,England/QEUH-326023BB/2022
England/QEUH-3263A8E8/2022,England/QEUH-325EEE79/2022
England/LSPA-32611911/2022,OY987873
England/LSPA-326004F6/2022,England/LSPA-325F8F4C/2022
England/QEUH-32615CBA/2022,England/LSPA-32607547/2022
England/PHEC-YY8TK5I/2022,England/PHEP-YYGNK18/2022
England/QEUH-3260D0E6/2022,England/LSPA-325EB36E/2022
England/QEUH-32617E85/2022,England/PHEC-YY8Q4R5/2022
England/PHEC-YY8X9T3/2022,England/PHEC-YY8TGRE/2022
England/QEUH-3261D8FA/2022,England/PHEC-YY8TSZT/2022
England/LSPA-3260106A/2022,England/LSPA-325F2364/2022
OY988422,England/LSPA-32607AB1/2022
OY287391,England/LSPA-326064F0/2022
England/PHEC-YY8OFZR/2022,England/LSPA-32619F17/2022
England/PHEP-YYGYNFQ/2022,England/PHEP-YYGNYKN/2022
England/LSPA-32612743/2022,England/PHEC-YY8Q6Y9/2022
England/QEUH-3260CB13/2022,England/PHEC-YY8QDCN/2022
England/LSPA-3260C3A2/2022,England/LSPA-325FA27E/2022
England/PHEC-YY8T3I1/2022,England/QEUH-3260D65D/2022
England/LSPA-3260AF28/2022,England/LSPA-325F1DFE/2022
OY739778,England/PHEC-YY81QMO/2022
England/PHEC-YY8OM89/2022,England/PHEP-YYGBXE3/2022
OY318602,England/LSPA-325FBC60/2022
England/QEUH-325EC084/2022,England/LSPA-3261DC3A/2022
England/QEUH-325F5B87/2022,England/QEUH-325FD387/2022
England/QEUH-32623F83/2022,England/LSPA-325FF947/2022
England/PHEC-YY8UJSH/2022,England/PHEP-YYF97WS/2022
England/LSPA-32615F57/2022,England/LSPA-325E9782/2022
England/PHEP-YYGBWJ1/2022,England/QEUH-32602694/2022
England/PHEC-YY8XDCY/2022,England/LSPA-325E66C4/2022
England/LSPA-32603DAD/2022,England/LSPA-325FB2E6/2022
England/LSPA-32618E93/2022,England/QEUH-326027CE/2022
England/PHEC-YY8QE88/2022,England/LSPA-325F17E1/2022
England/PHEC-YY8O5US/2022,OY338315
England/PHEC-YY8X1WY/2022,England/PHEC-YY8TJ4A/2022
England/LSPA-325FA7BB/2022,OZ179080
England/LSPA-3261964F/2022,England/PHEP-YYGDKXC/2022
England/LSPA-3260C1C6/2022,England/PHEC-YY8QJTT/2022
England/PHEP-YYGB9EJ/2022,England/PHEC-YY8P8IP/2022
England/QEUH-325FBD30/2022,OY298286
England/PHEC-YY8QT5I/2022,England/LSPA-3261B777/2022
England/LSPA-325EFBF9/2022,England/PHEP-YYGYSGA/2022
England/QEUH-3262517C/2022,England/LSPA-325FE571/2022
England/LSPA-325FA89A/2022,England/PHEC-YY8QUI9/2022
England/QEUH-325EEFEF/2022,England/LSPA-32609202/2022
England/LSPA-32607301/2022,England/LSPA-325FA575/2022
England/LSPA-3261C0F3/2022,England/PHEP-YYF9OJ4/2022
England/LSPA-325EF9C2/2022,England/LSPA-325FE2B6/2022
England/LOND-YYBKHUE/2022,England/LSPA-32608C14/2022
England/PHEP-YYF9S6J/2022,England/QEUH-325FD1F6/2022
England/LSPA-3260A19B/2022,England/LSPA-32613AC1/2022
England/LSPA-326074FF/2022,England/LSPA-325FFAEA/2022
England/LSPA-32602773/2022,England/PHEC-YY8OIYD/2022
England/PHEC-YY81NDC/2022,England/PHEC-YY8CHF5/2022
England/QEUH-3262474E/2022,England/PHEP-YYGBGK6/2022
England/LSPA-325FE90C/2022,England/LSPA-325EE082/2022
England/PHEC-YY8XK91/2022,England/LSPA-3261BE72/2022
England/LSPA-325F4D91/2022,England/LSPA-32610B67/2022
England/LSPA-3260829A/2022,England/LSPA-325FB732/2022
England/PHEC-YY8ZMZO/2022,England/QEUH-3261E60E/2022
England/LSPA-32611F2E/2022,England/PHEC-YY8O1U9/2022
England/QEUH-32686A14/2022,England/PHEC-YY8XSF5/2022
England/PHEP-YYGNT5Q/2022,England/PHEP-YYGYPCI/2022
England/LSPA-325ECC44/2022,England/QEUH-3261726B/2022
England/PHEP-YYGNOCQ/2022,England/LSPA-32616A55/2022
England/PHEC-YY81J3A/2022,England/LOND-YYBKHWG/2022
England/QEUH-325FBFB2/2022,England/PHEP-YYGYAFA/2022
England/LSPA-325FC4EF/2022,England/LSPA-3260F22A/2022
England/LSPA-326121FA/2022,England/PHEP-YYGYSGA/2022
England/PHEC-YY8QC1C/2022,England/PHEP-YYGBTHQ/2022
England/LSPA-32604753/2022,England/PHEC-YY818CI/2022
England/QEUH-32605BED/2022,OY312687
England/PHEP-YYGB5DZ/2022,England/LSPA-325FC494/2022
England/LSPA-326111A0/2022,England/LSPA-3261235E/2022
England/QEUH-32612628/2022,England/LSPA-32610E40/2022
England/PHEC-YY8T5DI/2022,OY317963
England/QEUH-326196B8/2022,England/LSPA-325FBB09/2022
England/PHEC-YY8X81X/2022,OY988683
England/PHEP-YYGY63J/2022,England/QEUH-3261D502/2022
England/QEUH-3261A505/2022,OY313632
England/QEUH-325EAC28/2022,England/QEUH-32604717/2022
England/QEUH-325EB094/2022,England/LSPA-3260FF9C/2022
England/PHEP-YYGYHBH/2022,England/PHEC-YY8QMZD/2022
England/LSPA-32606733/2022,England/PHEC-YY8OHGO/2022
England/PHEP-YYGNDJB/2022,England/LSPA-325EDA76/2022
England/LSPA-325F9CBD/2022,England/LSPA-3261A198/2022
England/LSPA-325E80D3/2022,England/LSPA-325E89AB/2022
England/QEUH-3263C4C4/2022,England/QEUH-325F8902/2022
England/QEUH-325EF0DC/2022,England/QEUH-325FCE0F/2022
England/QEUH-32624104/2022,England/LSPA-325FC643/2022
England/LSPA-325E952E/2022,England/LSPA-325F943D/2022
England/LSPA-325F1523/2022,England/LSPA-3260828B/2022
OY293551,England/PHEC-YY8TZ14/2022
England/LSPA-325EA138/2022,England/QEUH-325F91AF/2022
England/QEUH-325FCDD5/2022,England/LSPA-32612A2C/2022
England/QEUH-3261542B/2022,England/PHEC-YY8TOS3/2022
England/LSPA-3260834C/2022,England/PHEC-YY813B3/2022
England/PHEC-YY8QCQI/2022,England/PHEP-YYGY15T/2022
England/PHEP-YYGYWTD/2022,England/PHEC-YY8TAJC/2022
England/QEUH-3260BD1E/2022,England/QEUH-32615A0B/2022
England/PHEC-YY81GYQ/2022,England/QEUH-325EE592/2022
England/PHEP-YYGNEQ1/2022,England/LSPA-3260057B/2022
England/QEUH-326FB29A/2022,England/QEUH-32653BA4/2022
England/LSPA-3260824F/2022,England/LSPA-325F15F6/2022
OY336357,England/PHEP-YYGNE9X/2022
England/LSPA-3261690D/2022,England/LSPA-3260BCD5/2022
England/LSPA-325F94C4/2022,England/QEUH-3260E391/2022
England/PHEC-YY8P1WR/2022,England/LSPA-32601A5D/2022
England/LSPA-3261817C/2022,England/LSPA-326153C4/2022
England/LSPA-325E7DBF/2022,England/PHEP-YYGYREG/2022
England/PHEC-YY8UJUN/2022,England/PHEC-YY81DBX/2022
England/PHEC-YY8O6AJ/2022,England/LSPA-326068E5/2022
England/QEUH-325F2FAC/2022,England/PHEC-YY8XTZ5/2022
England/LOND-YYBK5OX/2022,England/QEUH-325EED03/2022
England/PHEC-YY8XUQC/2022,OY988650
England/LSPA-3260977C/2022,England/QEUH-32616879/2022
England/PHEC-YY8QNRU/2022,England/LSPA-3261817C/2022
England/LSPA-3260A201/2022,England/LSPA-326009D9/2022
England/QEUH-325EB47A/2022,England/LSPA-3260394F/2022
England/LSPA-325FB1CB/2022,England/PHEP-YYGBMCI/2022
England/PHEP-YYGNC8H/2022,England/PHEC-YY8X7Y6/2022
England/QEUH-325F03A2/2022,England/LSPA-32620830/2022
England/LSPA-325E7C0D/2022,England/LSPA-325EBA69/2022
England/PHEP-YYGY4ZT/2022,England/PHEC-YY8OHB4/2022
England/LSPA-32610271/2022,England/PHEC-YY8TKUF/2022
England/LSPA-32617368/2022,England/PHEC-YY8XCM3/2022
England/QEUH-325F072E/2022,England/PHEC-YY8WDCI/2022
England/PHEC-YY8QOTK/2022,England/PHEC-YY8QXDE/2022
England/LSPA-325F2337/2022,England/QEUH-325ECFF0/2022
England/PHEC-YY8Q7AX/2022,England/PHEC-YY8QNUW/2022
England/PHEP-YYGBSIZ/2022,England/PHEC-YY8XZJ1/2022
England/LSPA-325FA9E2/2022,England/QEUH-325FD105/2022
England/PHEC-YY8XCJ7/2022,OY989195
England/QEUH-32637E8F/2022,England/LSPA-325FF9B0/2022
England/LSPA-325E8871/2022,England/LSPA-3260F3CD/2022
England/PHEP-YYGNKYC/2022,England/LSPA-325FE75D/2022
England/QEUH-325FD484/2022,England/QEUH-325ECD7E/2022
England/PHEC-YY81CNR/2022,England/PHEC-YY8TWYN/2022
England/PHEC-YY8QPZB/2022,England/QEUH-32615230/2022
England/LSPA-325F7D16/2022,England/QEUH-325F602D/2022
England/LSPA-32612AE0/2022,England/PHEC-YY8TQW9/2022
England/QEUH-325F00F6/2022,England/LSPA-3260B8A4/2022
England/LSPA-325F65F1/2022,England/QEUH-3261CF32/2022
England/QEUH-3261DE07/2022,England/QEUH-325EE626/2022
England/PHEP-YYGNJ4A/2022,England/LSPA-3260B4A0/2022
England/LSPA-325F8A2D/2022,England/PHEC-YY8OBQ5/2022
England/LSPA-3260A19B/2022,England/QEUH-325FCB53/2022
England/LSPA-325ECE02/2022,England/PHEP-YYGYIWH/2022
England/LSPA-32600F22/2022,England/PHEC-YY8QY96/2022
OY738926,England/PHEC-YY8P4TN/2022
England/LSPA-3260F0F3/2022,England/PHEP-YYGBWTB/2022
England/PHEP-YYF9SCQ/2022,England/LSPA-3261A769/2022
England/PHEP-YYGNZO6/2022,England/LSPA-32607D03/2022
England/QEUH-326367EF/2022,England/LSPA-325F64B8/2022
England/LSPA-325F073D/2022,England/PHEC-YY8T1W5/2022
England/LSPA-3261B285/2022,England/LSPA-3263D2E7/2022
England/LSPA-3260694C/2022,England/PHEP-YYGB9P9/2022
England/LSPA-3261B188/2022,England/PHEC-YY8OKQ1/2022
England/LSPA-325ED6DC/2022,England/PHEC-YY8QHCJ/2022
England/PHEC-YY8PS9K/2022,England/PHEP-YYGNSO9/2022
England/QEUH-32617632/2022,England/LSPA-325ECA59/2022
England/LSPA-326199EC/2022,England/PHEC-YY8T5Q9/2022
England/LSPA-325F84F2/2022,England/PHEC-YY8QHXD/2022
England/PLYM-325EF4EF/2022,England/LSPA-32611A3C/2022
England/LSPA-325EA9B8/2022,England/PHEP-YYGNRAB/2022
England/LSPA-325F13CF/2022,England/LSPA-325EA7BE/2022
England/QEUH-325F5D09/2022,England/PHEC-YY8OJDJ/2022
England/QEUH-325EED21/2022,England/PHEP-YYGBE1M/2022
England/PHEC-YY81GA7/2022,England/LSPA-325EC38B/2022
England/PHEP-YYGY4XN/2022,England/LSPA-32607AB1/2022
England/PHEC-YY8U8RD/2022,England/PHEP-YYGBCDG/2022
England/LSPA-326077C9/2022,England/LSPA-325FEC4F/2022
England/PHEC-YY8OF8F/2022,England/LSPA-3260E838/2022
England/LSPA-325F3530/2022,England/PHEC-YY8T5HN/2022
England/PHEC-YY8OMHW/2022,England/PHEP-YYGBFK9/2022
England/QEUH-325FD5AF/2022,England/QEUH-32644E43/2022
England/QEUH-325FCE78/2022,England/QEUH-325F7DDA/2022
England/QEUH-325F2BC6/2022,England/LSPA-325EB717/2022
England/LSPA-32610332/2022,England/PHEC-YY8X9B4/2022
England/QEUH-326163E1/2022,England/PHEC-YY8QWUN/2022
England/PHEC-YY81SFW/2022,England/LSPA-32610323/2022
England/PHEC-YY8QK8F/2022,England/LSPA-32612DBA/2022
England/QEUH-3260626F/2022,England/PHEC-YY8T5DI/2022
England/LSPA-32610763/2022,England/PHEC-YY8XIDY/2022
England/PHEC-YY8XJ6I/2022,OY739877
England/LSPA-3261524F/2022,England/LSPA-3261B461/2022
England/LSPA-325F209A/2022,England/QEUH-32616F83/2022
England/LSPA-326028AD/2022,England/LSPA-325F4AB8/2022
England/PHEC-YY8TYBW/2022,England/LSPA-325F0EED/2022
England/LSPA-32608106/2022,England/PHEP-YYGBOEA/2022
OY306914,England/LSPA-325E55C8/2022
England/QEUH-325FD369/2022,England/LSPA-325F1B7C/2022
England/PHEC-YY8TJUG/2022,England/QEUH-32686838/2022
England/PHEC-YY8X8DQ/2022,England/LSPA-3260D189/2022
England/LSPA-32608CAB/2022,England/PHEC-YY81XU6/2022
England/PHEC-YY8OSR4/2022,England/LSPA-3261AE19/2022
England/PHEP-YYGYFKB/2022,England/LSPA-3261FB86/2022
England/LSPA-325E9E8D/2022,England/LSPA-325FC7B9/2022
England/PHEP-YYGY9JJ/2022,England/PHEC-YY8TGIF/2022
England/LSPA-325FB750/2022,OY319975
England/PLYM-325EF0CD/2022,OY987703
OY738703,England/LSPA-3260F4D9/2022
England/PHEC-YY8PYQD/2022,England/LSPA-325EA6B1/2022
England/PHEC-YY8XNRT/2022,England/QEUH-32605136/2022
England/QEUH-325F274A/2022,England/LSPA-32607AA2/2022
England/PHEC-YY8QCUK/2022,England/PHEC-YY8P5U7/2022
England/LSPA-325F6791/2022,England/PHEP-YYGBASU/2022
England/LSPA-325F32B1/2022,England/QEUH-3260BB32/2022
England/LSPA-3260A0BC/2022,England/LSPA-325FA742/2022
England/LSPA-32602166/2022,England/LSPA-325F4B4C/2022
England/LSPA-3260E407/2022,England/LSPA-326128C8/2022
England/PHEP-YYGBH7B/2022,England/LSPA-325F563B/2022
OY335261,England/QEUH-325EBA2D/2022
OY310138,England/LSPA-3260113A/2022
England/LSPA-325FC810/2022,England/LSPA-32611058/2022
England/QEUH-325EF8D4/2022,England/PHEC-YY81M4W/2022
England/QEUH-3260CA16/2022,England/LSPA-32608661/2022
England/LSPA-3261590E/2022,England/LSPA-32608449/2022
England/LSPA-3260B491/2022,England/PHEC-YY8OFH4/2022
OZ179080,England/PHEP-YYGBTZA/2022
England/QEUH-32601501/2022,England/PHEP-YYGYDFP/2022
England/QEUH-326157D7/2022,OY987655
England/PHEC-YY81P3W/2022,England/LSPA-326072F5/2022
OY336782,England/LSPA-32668E1C/2022
OY988807,England/LSPA-325F89D5/2022
England/PHEC-YY8QZU9/2022,England/LSPA-3261442C/2022
England/QEUH-325EEAEE/2022,England/LSPA-325FA0A1/2022
OY310065,England/PHEC-YY8PFCN/2022
England/LSPA-325F12C2/2022,OY304350
OY336054,England/LSPA-325FFBBA/2022
England/LSPA-325F1347/2022,England/PHEC-YY8O6NS/2022
England/QEUH-3263EE6A/2022,England/PHEC-YY8THCN/2022
England/PHEP-YYGY7I1/2022,England/PHEC-YY8Q6PF/2022
England/LSPA-32619D3B/2022,England/QEUH-32618938/2022
England/PHEC-YY8Q43O/2022,England/PLYM-325E70C5/2022
England/QEUH-326FB1E8/2022,OY301843
England/LSPA-32615458/2022,England/PHEC-YY8PUTJ/2022
OY316899,England/LSPA-3260BC99/2022
England/LSPA-325F8665/2022,England/LSPA-3260693D/2022
England/QEUH-325EEE2E/2022,England/QEUH-32620302/2022
England/PHEP-YYF95FZ/2022,England/QEUH-32602746/2022
England/QEUH-3261D915/2022,England/PHEC-YY8XZU7/2022
England/PHEP-YYGB9WO/2022,England/PHEC-YY8T5ZC/2022
England/PHEP-YYGNTZS/2022,England/LSPA-32618F18/2022
England/LSPA-32692C4C/2022,England/PHEP-YYGYUR9/2022
England/PHEP-YYF9XSY/2022,England/LSPA-32601756/2022
OY306867,England/LSPA-3260A74E/2022
England/LSPA-3265CBE7/2022,England/QEUH-326014D7/2022
England/PLYM-325E6F9C/2022,England/LSPA-325F1471/2022
England/LSPA-32604708/2022,England/LSPA-3261BB5D/2022
England/QEUH-32604094/2022,England/LSPA-3260B464/2022
England/PHEC-YY815AE/2022,England/LSPA-3260446B/2022
England/PHEC-YY8TJNJ/2022,England/PHEC-YY81NK6/2022
OY988274,OY311233
England/QEUH-326F992E/2022,England/LSPA-3260E197/2022
England/PHEC-YY8QWI6/2022,England/QEUH-3261D9F7/2022
England/LSPA-325EDEA7/2022,England/QEUH-3261C8FB/2022
England/PHEP-YYGBX4W/2022,England/LSPA-3261147A/2022
England/PHEC-YY8QR76/2022,England/PHEP-YYGYCOP/2022
England/LSPA-326080FA/2022,England/LSPA-3262242B/2022
England/PHEC-YY8PU9P/2022,England/QEUH-3260DA24/2022
England/PHEC-YY8XMDK/2022,England/LSPA-325F1408/2022
England/LSPA-325F1B21/2022,England/LSPA-32603077/2022
England/QEUH-326465C4/2022,England/LSPA-32602D44/2022
England/LSPA-325F9DE7/2022,England/PHEP-YYF9ZKT/2022
England/LSPA-325E7890/2022,England/LSPA-325EFDB7/2022
England/PHEP-YYGYHME/2022,England/PHEC-YY8OG55/2022
England/QEUH-3261A21D/2022,England/PHEC-YY8XUYE/2022
England/LSPA-325E5689/2022,England/QEUH-3263D3F3/2022
England/LSPA-32606CBC/2022,England/QEUH-325F5D09/2022
England/LSPA-325F8331/2022,England/LSPA-325E6828/2022
England/LSPA-325EA7CD/2022,England/LSPA-325EAA6A/2022
England/PHEC-YY8TWDH/2022,England/PHEC-YY813K8/2022
England/LSPA-32614064/2022,England/PHEC-YY8TPCT/2022
England/LSPA-32615E96/2022,England/LSPA-3261D60F/2022
England/PLYM-325EDE5C/2022,England/LSPA-32613496/2022
England/LSPA-325EFF75/2022,England/QEUH-326340B9/2022
England/QEUH-325F259B/2022,England/PHEC-YY8Q8C6/2022
England/PHEC-YY8QHN7/2022,OY315544
England/PHEC-YY8OKPW/2022,England/QEUH-325F7693/2022
England/QEUH-3264074C/2022,England/LSPA-32600599/2022
OY333351,England/LSPA-32603B3A/2022
England/PHEC-YY8Q7T7/2022,England/PHEC-YY8TBFM/2022
England/LSPA-3260A34A/2022,England/PHEP-YYGNBRP/2022
England/LSPA-325F1C2E/2022,England/PHEC-YY8QJAD/2022
England/PHEP-YYGBERE/2022,England/PHEC-YY8T1BN/2022
England/LSPA-325F4EDA/2022,England/PHEP-YYGYCID/2022
England/QEUH-32632491/2022,England/PHEC-YY81CQC/2022
England/LSPA-32604146/2022,England/LSPA-325EA9D6/2022
OY739682,England/LSPA-32614A39/2022
England/LSPA-325FBF85/2022,OY988786
England/PHEP-YYGY78X/2022,England/PHEC-YY8XHFI/2022
England/LSPA-32600344/2022,England/LSPA-325FF9FC/2022
England/LSPA-326089A4/2022,England/LSPA-326083C4/2022
England/QEUH-325F1FBC/2022,England/PHEC-YYEOER8/2022
England/QEUH-3260ECE1/2022,England/PHEC-YY8QBT3/2022
England/PHEC-YY8ZC3M/2022,England/LSPA-3261ACE2/2022
England/LSPA-32600DBF/2022,England/PHEC-YY8T8IR/2022
England/LSPA-325EC118/2022,England/PHEP-YYGYF56/2022
England/PHEC-YY8OYD1/2022,England/PHEP-YYF9I1N/2022
England/LSPA-3261110A/2022,England/LSPA-325FEBE8/2022
England/LSPA-325F6F20/2022,England/LSPA-325F6C74/2022
England/PHEP-YYGYGH5/2022,England/LSPA-32604E6D/2022
England/LSPA-3260B464/2022,England/LSPA-326089C2/2022
England/PHEP-YYGYHME/2022,England/LSPA-32614C42/2022
England/PHEC-YY8TWFA/2022,England/PHEC-YY8OM9Q/2022
England/PHEP-YYGBANH/2022,England/PHEC-YY81K4I/2022
OY738947,England/LSPA-32615E5A/2022
England/LSPA-326176E7/2022,OY333627
England/QEUH-3260E2C1/2022,England/LSPA-326129B6/2022
England/LSPA-3260B464/2022,England/LSPA-32605682/2022
England/LSPA-326060A1/2022,England/PHEP-YYGYS9F/2022
England/LSPA-325FACF8/2022,England/LSPA-325E5601/2022
England/QEUH-3260F0E4/2022,England/QEUH-325EBEC7/2022
England/QEUH-32623ACE/2022,England/LSPA-326041CE/2022
England/PHEP-YYGY4RA/2022,England/PHEP-YYF9HAX/2022
England/LSPA-326081E8/2022,England/LSPA-325F92E8/2022
England/PLYM-325E8589/2022,England/LSPA-325FEDB5/2022
England/QEUH-3260D6C6/2022,England/LSPA-325EC7F8/2022
OY328439,England/PHEP-YYGBG8R/2022
England/LSPA-325FDD10/2022,England/PHEP-YYGBAH8/2022
England/LSPA-3261AB4F/2022,England/QEUH-326052BB/2022
England/PHEC-YY8QAR7/2022,OY310026
England/QEUH-3260C5D9/2022,OY315435
OY988036,England/QEUH-325FCD3F/2022
England/LSPA-32606AEF/2022,England/QEUH-325EFBAE/2022
England/LSPA-326158A7/2022,England/LSPA-325EE1DA/2022
England/QEUH-3260BD96/2022,OY321178
England/LSPA-32604638/2022,England/LSPA-3260984C/2022
England/QEUH-326FAB72/2022,England/PLYM-325EE459/2022
OY293448,England/PHEC-YY8TM5W/2022
England/PHEP-YYGBISS/2022,England/PHEC-YY8QIAZ/2022
England/LSPA-32609B25/2022,England/LSPA-325FBA57/2022
England/PHEC-YY81AWU/2022,OY312167
England/LSPA-325FEABE/2022,England/PHEC-YY8OYWX/2022
England/LSPA-325F6D17/2022,England/LSPA-325EE19E/2022
England/QEUH-3260CEDE/2022,England/LSPA-325F3ECC/2022
England/LSPA-3260106A/2022,England/PHEP-YYGY6X6/2022
England/PHEP-YYGY9EM/2022,England/LSPA-325F1C79/2022
England/QEUH-32625112/2022,England/PHEC-YY8XMIF/2022
England/LSPA-326040EF/2022,England/QEUH-32620663/2022
England/LSPA-326163F0/2022,England/PHEC-YY8QXMA/2022
England/PHEP-YYGYTOE/2022,England/LSPA-32618473/2022
England/LSPA-3260B2E2/2022,England/PHEP-YYGBMYP/2022
England/QEUH-325EF722/2022,England/QEUH-326051CD/2022
England/QEUH-32653F7B/2022,England/PHEC-YY8PX1M/2022
England/LSPA-32614EA6/2022,England/LSPA-325E99F5/2022
England/PHEP-YYGYIYF/2022,England/LSPA-32608FFD/2022
England/PHEC-YY8X1SH/2022,England/QEUH-32612E6C/2022
England/PHEP-YYGBIBB/2022,England/LSPA-325F499D/2022
OY296015,England/PHEP-YYGB7W1/2022
England/LSPA-325FDC31/2022,England/PHEC-YY81XU6/2022
England/LSPA-325F1909/2022,OY301271
England/PHEC-YY8UYGG/2022,England/PHEP-YYGBOKW/2022
OY316899,England/PHEP-YYGYB6H/2022
England/LSPA-3261BB5D/2022,England/PHEP-YYF96PR/2022
England/PHEC-YY8XSNB/2022,England/PHEC-YY8XZAU/2022
England/LOND-YYBK7NK/2022,England/QEUH-3260DD49/2022
England/LSPA-325E8AA8/2022,England/PLYM-325EF4EF/2022
England/LSPA-325EE27D/2022,England/LSPA-326152B8/2022
England/QEUH-3261061B/2022,England/PHEC-YY8QRQ7/2022
England/PHEP-YYGNX5O/2022,England/PHEC-YY8OXSH/2022
OY293724,England/LSPA-32611498/2022
England/PHEC-YY8X5II/2022,England/PHEC-YY8OQDR/2022
England/LSPA-325F9136/2022,England/PHEC-YY8OYD1/2022
England/QEUH-326043D7/2022,England/LSPA-325FA690/2022
England/LSPA-3261135F/2022,England/PHEP-YYGN1TB/2022
England/LSPA-32607899/2022,England/PHEC-YY8PM9I/2022
England/PHEC-YY8TRAB/2022,England/LSPA-325EE2C8/2022
OY335255,England/PHEC-YY8PYJP/2022
England/QEUH-3261485D/2022,England/LSPA-32607EB5/2022
England/LSPA-325FB6DB/2022,England/QEUH-325EFCAB/2022
England/PHEC-YY8QMC4/2022,England/PHEC-YY8Q4D7/2022
England/LSPA-3260AD79/2022,England/LSPA-32604F00/2022
England/LSPA-32609E4A/2022,England/PHEC-YY81TJT/2022
England/LSPA-325F3415/2022,England/LSPA-32619F9F/2022
England/PHEP-YYGYP89/2022,England/LSPA-32611F79/2022
OY324737,England/LOND-YYBKHXT/2022
OY321659,England/LSPA-325FA715/2022
England/LSPA-3261A5C9/2022,England/PHEP-YYGNWU5/2022
England/QEUH-325F33CD/2022,England/LSPA-326073F2/2022
OZ179064,England/QEUH-32619D2C/2022
England/LSPA-32664FA4/2022,England/LSPA-325E5A05/2022
England/QEUH-325EF0DC/2022,England/LSPA-325E8BE1/2022
England/LSPA-325FC661/2022,England/QEUH-32616AA0/2022
England/PHEP-YYGNJ6O/2022,England/PHEC-YY8OE8N/2022
England/LSPA-326122CA/2022,England/LSPA-325F2DDF/2022
England/QEUH-3263EDD6/2022,England/PHEC-YY8QYKJ/2022
England/LSPA-3260ADE2/2022,England/LSPA-3260CD1D/2022
OY989209,England/LSPA-325FFF45/2022
England/LSPA-32616C40/2022,England/LSPA-32613EB6/2022
OY299473,England/LSPA-325E9FA8/2022
England/LSPA-3260A9DF/2022,OY339005
OY330139,England/LSPA-32612D9C/2022
England/QEUH-326159A4/2022,England/PHEC-YY8QPOX/2022
England/LSPA-3260543D/2022,England/PHEC-YY8X6B5/2022
England/LSPA-325F4EF8/2022,England/PHEP-YYGYTZ4/2022
England/PHEP-YYGNSJQ/2022,England/PHEC-YY8XABB/2022
England/QEUH-32614978/2022,England/QEUH-325EEE6A/2022
England/QEUH-326232B7/2022,England/LSPA-325F7095/2022
England/LSPA-3260396D/2022,England/PHEC-YY8QJWM/2022
England/QEUH-325EB50E/2022,England/QEUH-325EFE3C/2022
England/LSPA-32613C8F/2022,England/LSPA-32613065/2022
England/PHEC-YY8XUBG/2022,England/QEUH-325F259B/2022
England/QEUH-325F9E3F/2022,England/LSPA-3261A5BA/2022
England/LSPA-325F3415/2022,England/PHEC-YY8XKZN/2022
England/LSPA-3260A1C8/2022,OY306123
England/LSPA-32619A8F/2022,England/LSPA-325EC6FB/2022
England/LSPA-325FF437/2022,England/QEUH-325EFFFD/2022
England/LSPA-32600B88/2022,England/PHEC-YY8O5US/2022
England/LSPA-3262C48B/2022,England/LSPA-32607556/2022
England/LSPA-32609C6E/2022,England/PHEC-YY8XCIR/2022
England/LSPA-32619A52/2022,England/LSPA-325F5422/2022
England/LSPA-325FD967/2022,England/PHEP-YYGBE37/2022
England/PLYM-325EC039/2022,England/QEUH-326173C2/2022
England/PHEC-YY8TPCT/2022,England/LSPA-3260F9BC/2022
England/PHEP-YYGNKFN/2022,England/LSPA-32614635/2022
England/PHEP-YYGBIZW/2022,England/QEUH-32614CAC/2022
England/LSPA-325F1C3D/2022,England/PHEP-YYGYSGA/2022
England/LSPA-3260C5F7/2022,OY307975
England/LSPA-32602773/2022,England/LSPA-325F68AD/2022
England/PHEC-YY8O5JM/2022,England/LSPA-326096F7/2022
England/QEUH-32615B80/2022,England/PHEP-YYGYR4B/2022
England/LSPA-325FBC42/2022,England/QEUH-325FD4EE/2022
England/PHEP-YYGYSNY/2022,England/QEUH-3261E941/2022
England/PHEP-YYGBNZ8/2022,England/LSPA-32618BF6/2022
England/QEUH-3260C76A/2022,England/PHEC-YY8WJOG/2022
England/PHEP-YYGNRC4/2022,England/LSPA-325FC018/2022
England/LSPA-32609E77/2022,England/PHEP-YYGB3KM/2022
England/QEUH-326138E5/2022,England/LSPA-32603CCE/2022
England/LSPA-3261526D/2022,England/LSPA-325EB207/2022
England/LSPA-325FDA37/2022,England/PHEC-YY8QJIJ/2022
England/LSPA-32607DD6/2022,England/LSPA-325F6CED/2022
England/QEUH-326108CA/2022,England/PHEC-YY8X1F9/2022
England/PHEC-YY8P95J/2022,England/LSPA-325FB592/2022
England/LSPA-325E7881/2022,OY321511
England/LSPA-32618D3C/2022,England/QEUH-32605998/2022
England/PHEC-YY8QZTD/2022,England/PHEP-YYGND3Y/2022
England/LSPA-325F85D1/2022,England/PHEP-YYGNE5Z/2022
England/LSPA-325FE3FF/2022,England/PHEC-YY8XB95/2022
England/LSPA-325E93AC/2022,England/PHEC-YY81BAN/2022
England/LSPA-325E8AF3/2022,England/LSPA-326176E7/2022
England/LSPA-325FA180/2022,England/LSPA-326102BD/2022
England/LSPA-325EA47B/2022,England/QEUH-3261966D/2022
England/LSPA-325FACBC/2022,England/PHEC-YY8QENT/2022
England/PHEC-YY81KXC/2022,England/LSPA-3261C56D/2022
England/PHEP-YYGYRBW/2022,England/LSPA-326187D4/2022
England/QEUH-325EAD43/2022,England/LSPA-325F4177/2022
England/LSPA-325F53BC/2022,England/PHEP-YYGBUF5/2022
England/PHEC-YY8TCS7/2022,England/LSPA-326032AE/2022
England/QEUH-325EED21/2022,England/LSPA-3260AAEB/2022
England/LSPA-326164A2/2022,England/PHEP-YYGNXG5/2022
England/LSPA-325ECA77/2022,England/PHEC-YY8XRJF/2022
England/LSPA-32616A46/2022,England/PHEC-YY8TYH7/2022
England/PLYM-326F46A4/2022,England/PHEP-YYGYJIG/2022
England/PHEC-YY8OH48/2022,England/PHEC-YY8XA4Q/2022
England/QEUH-325FD6BB/2022,England/LSPA-325F3011/2022
England/PHEC-YY8OY77/2022,England/LSPA-3261052D/2022
England/PHEC-YY8QH7G/2022,England/LSPA-325F66C1/2022
England/QEUH-3262434A/2022,England/LSPA-326089FF/2022
England/PHEP-YYF9QID/2022,England/PHEC-YY8Q4N9/2022
England/LSPA-3260BD0F/2022,England/LSPA-3260884D/2022
England/QEUH-32617104/2022,England/PHEC-YY8TRWJ/2022
England/QEUH-325EB9B7/2022,England/LSPA-3261387C/2022
England/PHEC-YY8WE1D/2022,OY326059
England/PHEC-YY8QUFY/2022,England/LSPA-325F9998/2022
England/PHEC-YY8XUZ3/2022,England/PHEC-YY8PTMA/2022
England/QEUH-325FCFA2/2022,England/PHEP-YYGBCWD/2022
England/LSPA-325F1A15/2022,England/LSPA-32616E2C/2022
England/PHEP-YYGBI9R/2022,England/LSPA-325FAF0E/2022
England/QEUH-325FCA56/2022,England/PHEC-YY81YUP/2022
England/LSPA-325F65A6/2022,England/QEUH-32605D05/2022
England/LSPA-32619973/2022,England/LSPA-326030B3/2022
England/LSPA-32604726/2022,England/PLYM-325E8853/2022
England/PHEP-YYGYNCY/2022,England/LSPA-3260D82A/2022
England/PHEC-YY8TYGK/2022,England/LSPA-32610E8C/2022
England/LSPA-325EFA0B/2022,England/LSPA-3260825E/2022
England/LSPA-32608B35/2022,England/QEUH-3267291E/2022
England/LSPA-325EC7BC/2022,OY294930
England/QEUH-325EED12/2022,England/LSPA-326184DD/2022
England/PHEP-YYGNID5/2022,England/PHEP-YYGB7W1/2022
England/LSPA-325FBE5B/2022,England/LSPA-3260B6F5/2022
England/PLYM-325EC45B/2022,England/LSPA-325FA2AB/2022
England/QEUH-325E9C29/2022,OY310138
England/PHEP-YYF9W3I/2022,England/PLYM-325EDF1D/2022
England/LSPA-32604708/2022,England/LSPA-326156CB/2022
England/LSPA-3260070C/2022,England/LSPA-325EC118/2022
England/PHEC-YY8QAX8/2022,England/PHEP-YYGNXMT/2022
England/QEUH-325FC898/2022,England/PHEC-YY8P6KP/2022
England/LSPA-325F4915/2022,England/QEUH-3262368E/2022
OY320963,England/PHEP-YYGBDGJ/2022
England/LSPA-32602BA4/2022,England/QEUH-3260EF9D/2022
OY305882,England/LSPA-325EA183/2022
England/PHEC-YY8TOES/2022,England/PHEC-YY8PDUI/2022
England/LSPA-325EB920/2022,England/LSPA-32607CCA/2022
England/QEUH-3260F442/2022,England/PHEP-YYGNYKN/2022
England/QEUH-325FD202/2022,England/LSPA-325F8340/2022
England/PHEP-YYGY8RM/2022,England/QEUH-325F0454/2022
England/LSPA-32607B18/2022,England/PHEC-YY8THY4/2022
England/LSPA-32607037/2022,England/PHEC-YY81DZN/2022
England/LSPA-32606539/2022,England/PLYM-325EE389/2022
England/QEUH-325F6078/2022,England/PHEC-YY8TKQO/2022
England/QEUH-325F745D/2022,England/QEUH-325EC9D4/2022
OY739839,England/LSPA-325FACBC/2022
England/QEUH-3260F0E4/2022,England/BRBR-326E0FDD/2022
England/LSPA-325F98E6/2022,England/PHEC-YY8XHD3/2022
England/LSPA-32610CA0/2022,England/PHEC-YY8PFAJ/2022
OY307312,England/PHEP-YYGYEZD/2022
England/PHEC-YY8WDCI/2022,England/LSPA-32603ED7/2022
England/PHEC-YY8XWOG/2022,England/LSPA-32604EB8/2022
England/PHEC-YY8TPZ4/2022,England/PHEP-YYGNOK1/2022
England/LSPA-32608661/2022,England/LSPA-32611638/2022
England/LSPA-32606821/2022,England/QEUH-32616448/2022
England/LSPA-32610262/2022,England/PHEC-YY8OMHW/2022
OY311753,England/LSPA-32622CBA/2022
England/LSPA-325F0E74/2022,England/QEUH-3260BF54/2022
England/LSPA-3261A31A/2022,England/LSPA-325FF886/2022
England/LSPA-32608D11/2022,England/LSPA-325FDB52/2022
England/QEUH-3261CAF5/2022,England/LSPA-326302D5/2022
England/LSPA-32612AE0/2022,England/PHEC-YY81TD7/2022
England/PHEP-YYGYAJO/2022,England/LSPA-32618473/2022
England/LSPA-325F3FBA/2022,England/LSPA-32613EB6/2022
England/PHEP-YYGBIR5/2022,England/LSPA-325F1CA6/2022
England/QEUH-3261A356/2022,England/LSPA-325F159C/2022
England/PHEC-YY8TXTR/2022,England/LSPA-3261B71D/2022
England/PHEP-YYGYHPR/2022,England/LSPA-325F1DC1/2022
England/PHEP-YYGYH3M/2022,England/LSPA-325F8FA6/2022
England/LSPA-3260F512/2022,OY305792
England/LSPA-325F471B/2022,England/PHEC-YY8TBAR/2022
England/PHEC-YY8TYC6/2022,England/LSPA-3261A480/2022
England/QEUH-325F94B5/2022,OY738856
England/LSPA-3260695B/2022,England/LSPA-32602E8D/2022
England/PHEC-YY8Q6D3/2022,England/LSPA-325F1C4C/2022
England/LSPA-32615B44/2022,England/LSPA-3260791E/2022
England/LSPA-325E60E4/2022,England/PHEC-YY8OZP8/2022
England/QEUH-325EB45C/2022,England/LSPA-325FB486/2022
England/LSPA-3261B2EF/2022,England/LSPA-32611FF1/2022
England/LSPA-32603745/2022,England/QEUH-3261DA21/2022
England/LSPA-3260B1C7/2022,England/QEUH-3260EF9D/2022
OY311759,England/QEUH-325EEBFA/2022
England/PHEC-YY8Q6AQ/2022,England/LSPA-3260B367/2022
England/QEUH-325F56D1/2022,England/PHEP-YYGY1UB/2022
England/LSPA-32607ADF/2022,England/LSPA-3260A0E9/2022
England/LSPA-3261A769/2022,England/LSPA-32608C32/2022
England/PHEC-YY8181E/2022,England/LSPA-3260F934/2022
England/LSPA-32605910/2022,England/QEUH-3261DF13/2022
England/PHEC-YY8Q1WN/2022,England/LSPA-325FD91C/2022
England/PHEC-YY81C7P/2022,England/QEUH-32646A01/2022
England/QEUH-32612A1D/2022,England/LSPA-3261C47F/2022
England/QEUH-325FD1AB/2022,England/PHEP-YYGYIU6/2022
England/LSPA-3261D0A7/2022,England/PHEC-YY8Q8N1/2022
England/LSPA-325E666A/2022,England/PHEC-YY8OKJH/2022
England/QEUH-3260DD49/2022,England/LSPA-3261B461/2022
England/PHEC-YY8OFQZ/2022,England/LSPA-325FE82D/2022
England/QEUH-326050C0/2022,England/LSPA-32617289/2022
England/QEUH-3260DF43/2022,England/QEUH-325EF573/2022
England/PHEP-YYGBZ9N/2022,England/LSPA-32609017/2022
England/PHEC-YY8Q8KN/2022,England/LSPA-3260F309/2022
England/PHEC-YY8XBCN/2022,OY336020
England/LSPA-3261B188/2022,England/PHEC-YY8P7GS/2022
England/PHEC-YY8X5XN/2022,England/PHEC-YY8X3W3/2022
England/LSPA-326121FA/2022,England/LSPA-325F6BFF/2022
England/PHEC-YY8TOMO/2022,England/QEUH-325EBA78/2022
England/QEUH-3261E99C/2022,England/LSPA-325F3AE6/2022
OY293165,England/LSPA-325FB0DD/2022
England/PHEC-YY8QKNX/2022,England/LSPA-325E9C0B/2022
England/LSPA-32618EA2/2022,England/LSPA-325EC7F8/2022
England/LSPA-32612EB7/2022,England/QEUH-32605224/2022
England/LSPA-32615AB0/2022,England/PHEC-YY8Q47E/2022
England/LSPA-3260D0AA/2022,England/PHEC-YY8QJ73/2022
England/QEUH-325EAC46/2022,England/PHEP-YYGNZ6N/2022
England/LSPA-325FE80F/2022,England/LSPA-32607CCA/2022
England/LSPA-3261642A/2022,England/QEUH-325EB8BA/2022
England/PHEC-YY8OSMC/2022,England/LSPA-32638862/2022
England/PHEC-YY8UDUE/2022,England/PHEC-YY8X64E/2022
England/PHEC-YY8QS6K/2022,England/PHEC-YY8QDPY/2022
England/LSPA-325E8FD6/2022,England/PHEC-YY8TB3N/2022
England/LSPA-325F9CEA/2022,England/LSPA-32616509/2022
England/LSPA-3261160B/2022,England/QEUH-325F0032/2022
