variant,collapsed
A,other
A.1,other
A.18,other
A.2.5.1,other
A.2.5.2,other
A.21,other
A.23.1,other
A.25,other
A.27,other
A.28,other
A.29,other
AD.2,B.1.1
AE.1,B.1.1
AT.1,B.1.1
AY.1,B.1.617.2
AY.10,B.1.617.2
AY.100,B.1.617.2
AY.101,B.1.617.2
AY.102,B.1.617.2
AY.102.1,B.1.617.2
AY.103,B.1.617.2
AY.104,B.1.617.2
AY.105,B.1.617.2
AY.106,B.1.617.2
AY.107,B.1.617.2
AY.108,B.1.617.2
AY.109,B.1.617.2
AY.11,B.1.617.2
AY.110,B.1.617.2
AY.111,AY.111
AY.112,B.1.617.2
AY.113,B.1.617.2
AY.114,B.1.617.2
AY.116,B.1.617.2
AY.116.1,B.1.617.2
AY.117,B.1.617.2
AY.118,B.1.617.2
AY.119,B.1.617.2
AY.119.1,B.1.617.2
AY.119.2,B.1.617.2
AY.120,AY.120
AY.120.1,AY.120
AY.120.2,AY.120
AY.120.2.1,AY.120
AY.121,B.1.617.2
AY.121.1,B.1.617.2
AY.122,AY.122
AY.122.1,AY.122
AY.122.2,AY.122
AY.123,B.1.617.2
AY.124,B.1.617.2
AY.124.1,B.1.617.2
AY.125,B.1.617.2
AY.126,B.1.617.2
AY.127,B.1.617.2
AY.127.1,B.1.617.2
AY.128,B.1.617.2
AY.129,B.1.617.2
AY.13,B.1.617.2
AY.131,B.1.617.2
AY.132,B.1.617.2
AY.133,B.1.617.2
AY.14,B.1.617.2
AY.16,B.1.617.2
AY.16.1,B.1.617.2
AY.17,B.1.617.2
AY.20,B.1.617.2
AY.20.1,B.1.617.2
AY.22,B.1.617.2
AY.23,B.1.617.2
AY.23.1,B.1.617.2
AY.24,B.1.617.2
AY.25,B.1.617.2
AY.25.1,B.1.617.2
AY.25.1.1,B.1.617.2
AY.26,B.1.617.2
AY.27,B.1.617.2
AY.28,B.1.617.2
AY.29,B.1.617.2
AY.29.1,B.1.617.2
AY.3,B.1.617.2
AY.3.1,B.1.617.2
AY.3.2,B.1.617.2
AY.3.3,B.1.617.2
AY.30,B.1.617.2
AY.32,B.1.617.2
AY.33,B.1.617.2
AY.33.1,B.1.617.2
AY.34,B.1.617.2
AY.34.1,B.1.617.2
AY.34.1.1,B.1.617.2
AY.34.2,B.1.617.2
AY.35,B.1.617.2
AY.36,B.1.617.2
AY.37,B.1.617.2
AY.38,B.1.617.2
AY.39,B.1.617.2
AY.39.1,B.1.617.2
AY.39.1.2,B.1.617.2
AY.39.1.3,B.1.617.2
AY.39.2,B.1.617.2
AY.4,AY.4
AY.4.1,AY.4
AY.4.10,AY.4
AY.4.2,AY.4.2
AY.4.2.1,AY.4.2.1
AY.4.2.2,AY.4.2.2
AY.4.2.3,AY.4.2
AY.4.3,AY.4
AY.4.4,AY.4
AY.4.5,AY.4
AY.4.6,AY.4
AY.4.7,AY.4
AY.4.8,AY.4
AY.4.9,AY.4
AY.41,B.1.617.2
AY.42,B.1.617.2
AY.42.1,B.1.617.2
AY.43,AY.43
AY.43.2,AY.43
AY.43.3,AY.43
AY.43.4,AY.43
AY.43.5,AY.43
AY.43.6,AY.43
AY.43.7,AY.43
AY.44,B.1.617.2
AY.45,B.1.617.2
AY.46,B.1.617.2
AY.46.1,B.1.617.2
AY.46.2,B.1.617.2
AY.46.4,B.1.617.2
AY.46.5,AY.46.5
AY.46.6,B.1.617.2
AY.47,B.1.617.2
AY.5,AY.5
AY.5.1,AY.5
AY.5.2,AY.5
AY.5.3,AY.5
AY.5.4,AY.5
AY.5.5,AY.5
AY.50,B.1.617.2
AY.51,B.1.617.2
AY.53,B.1.617.2
AY.54,B.1.617.2
AY.55,B.1.617.2
AY.56,B.1.617.2
AY.57,B.1.617.2
AY.58,B.1.617.2
AY.59,B.1.617.2
AY.6,AY.6
AY.60,B.1.617.2
AY.61,B.1.617.2
AY.63,B.1.617.2
AY.64,B.1.617.2
AY.65,B.1.617.2
AY.66,B.1.617.2
AY.68,B.1.617.2
AY.69,B.1.617.2
AY.7,B.1.617.2
AY.7.1,B.1.617.2
AY.7.2,B.1.617.2
AY.70,B.1.617.2
AY.71,B.1.617.2
AY.72,B.1.617.2
AY.73,B.1.617.2
AY.74,B.1.617.2
AY.75,B.1.617.2
AY.75.2,B.1.617.2
AY.76,B.1.617.2
AY.78,B.1.617.2
AY.79,B.1.617.2
AY.8,B.1.617.2
AY.80,B.1.617.2
AY.82,B.1.617.2
AY.84,B.1.617.2
AY.85,B.1.617.2
AY.87,B.1.617.2
AY.88,B.1.617.2
AY.9,AY.9
AY.9.2,AY.9
AY.9.2.2,AY.9
AY.90,B.1.617.2
AY.91,B.1.617.2
AY.91.1,B.1.617.2
AY.92,B.1.617.2
AY.93,B.1.617.2
AY.94,B.1.617.2
AY.95,B.1.617.2
AY.98,AY.98
AY.98.1,AY.98
AY.99,B.1.617.2
AY.99.1,B.1.617.2
AY.99.2,B.1.617.2
AZ.2,B.1.1
AZ.4,B.1.1
AZ.5,B.1.1
B,other
B.1,B.1
B.1.1,B.1.1
B.1.1.1,B.1.1
B.1.1.10,B.1.1
B.1.1.111,B.1.1
B.1.1.115,B.1.1
B.1.1.117,B.1.1
B.1.1.133,B.1.1
B.1.1.135,B.1.1
B.1.1.141,B.1.1
B.1.1.153,B.1.1
B.1.1.159,B.1.1
B.1.1.161,B.1.1
B.1.1.163,B.1.1
B.1.1.170,B.1.1
B.1.1.171,B.1.1
B.1.1.174,B.1.1
B.1.1.189,B.1.1
B.1.1.198,B.1.1
B.1.1.203,B.1.1
B.1.1.214,B.1.1
B.1.1.216,B.1.1
B.1.1.220,B.1.1
B.1.1.232,B.1.1
B.1.1.241,B.1.1
B.1.1.243,B.1.1
B.1.1.25,B.1.1
B.1.1.253,B.1.1
B.1.1.263,B.1.1
B.1.1.269,B.1.1
B.1.1.27,B.1.1
B.1.1.274,B.1.1
B.1.1.277,B.1.1
B.1.1.279,B.1.1
B.1.1.28,B.1.1
B.1.1.294,B.1.1
B.1.1.297,B.1.1
B.1.1.298,B.1.1
B.1.1.301,B.1.1
B.1.1.302,B.1.1
B.1.1.305,B.1.1
B.1.1.306,B.1.1
B.1.1.307,B.1.1
B.1.1.311,B.1.1
B.1.1.312,B.1.1
B.1.1.315,B.1.1
B.1.1.317,B.1.1
B.1.1.318,B.1.1
B.1.1.326,B.1.1
B.1.1.329,B.1.1
B.1.1.33,B.1.1
B.1.1.348,B.1.1
B.1.1.351,B.1.1
B.1.1.354,B.1.1
B.1.1.359,B.1.1
B.1.1.360,B.1.1
B.1.1.369,B.1.1
B.1.1.37,B.1.1
B.1.1.371,B.1.1
B.1.1.374,B.1.1
B.1.1.375,B.1.1
B.1.1.39,B.1.1
B.1.1.397,B.1.1
B.1.1.404,B.1.1
B.1.1.406,B.1.1
B.1.1.413,B.1.1
B.1.1.416,B.1.1
B.1.1.417,B.1.1
B.1.1.420,B.1.1
B.1.1.433,B.1.1
B.1.1.434,B.1.1
B.1.1.44,B.1.1
B.1.1.442,B.1.1
B.1.1.46,B.1.1
B.1.1.47,B.1.1
B.1.1.485,B.1.1
B.1.1.487,B.1.1
B.1.1.50,B.1.1
B.1.1.500,B.1.1
B.1.1.51,B.1.1
B.1.1.519,B.1.1
B.1.1.521,B.1.1
B.1.1.523,B.1.1
B.1.1.525,B.1.1
B.1.1.528,B.1.1
B.1.1.529,B.1.1
B.1.1.54,B.1.1
B.1.1.63,B.1.1
B.1.1.67,B.1.1
B.1.1.7,B.1.1.7
B.1.1.70,B.1.1
B.1.110.3,B.1
B.1.149,B.1
B.1.160,B.1
B.1.160.16,B.1
B.1.177,B.1.177
B.1.177.10,B.1.177
B.1.177.15,B.1.177
B.1.177.16,B.1.177
B.1.177.18,B.1.177
B.1.177.21,B.1.177
B.1.177.32,B.1.177
B.1.177.35,B.1.177
B.1.177.4,B.1.177
B.1.177.44,B.1.177
B.1.177.46,B.1.177
B.1.177.5,B.1.177
B.1.177.52,B.1.177
B.1.177.53,B.1.177
B.1.177.54,B.1.177
B.1.177.57,B.1.177
B.1.177.60,B.1.177
B.1.177.7,B.1.177
B.1.177.73,B.1.177
B.1.177.75,B.1.177
B.1.177.77,B.1.177
B.1.177.8,B.1.177
B.1.177.81,B.1.177
B.1.177.82,B.1.177
B.1.177.83,B.1.177
B.1.177.86,B.1.177
B.1.177.87,B.1.177
B.1.189,B.1
B.1.195,B.1
B.1.2,B.1
B.1.210,B.1
B.1.214.2,B.1
B.1.214.3,B.1
B.1.22,B.1
B.1.221,B.1
B.1.222,B.1
B.1.232,B.1
B.1.234,B.1
B.1.236,B.1
B.1.239,B.1
B.1.240,B.1
B.1.241,B.1
B.1.243,B.1
B.1.258,B.1
B.1.258.11,B.1
B.1.258.14,B.1
B.1.258.17,B.1
B.1.258.3,B.1
B.1.260,B.1
B.1.349,B.1
B.1.351,B.1
B.1.351.2,B.1
B.1.351.3,B.1
B.1.351.5,B.1
B.1.36,B.1
B.1.36.1,B.1
B.1.36.16,B.1
B.1.36.18,B.1
B.1.36.22,B.1
B.1.36.24,B.1
B.1.36.29,B.1
B.1.36.31,B.1
B.1.36.35,B.1
B.1.36.38,B.1
B.1.36.39,B.1
B.1.36.7,B.1
B.1.36.8,B.1
B.1.36.9,B.1
B.1.362,B.1
B.1.367,B.1
B.1.375,B.1
B.1.377,B.1
B.1.389,B.1
B.1.391,B.1
B.1.398,B.1
B.1.399,B.1
B.1.400,B.1
B.1.409,B.1
B.1.411,B.1
B.1.416,B.1
B.1.416.1,B.1
B.1.427,B.1
B.1.429,B.1
B.1.438,B.1
B.1.438.1,B.1
B.1.441,B.1
B.1.459,B.1
B.1.462,B.1
B.1.466,B.1
B.1.466.1,B.1
B.1.466.2,B.1
B.1.469,B.1
B.1.470,B.1
B.1.471,B.1
B.1.474,B.1
B.1.480,B.1
B.1.499,B.1
B.1.505,B.1
B.1.525,B.1
B.1.526,B.1
B.1.527,B.1
B.1.533,B.1
B.1.540,B.1
B.1.549,B.1
B.1.551,B.1
B.1.558,B.1
B.1.561,B.1
B.1.568,B.1
B.1.575,B.1
B.1.575.1,B.1
B.1.577,B.1
B.1.600,B.1
B.1.609,B.1
B.1.617,B.1
B.1.617.1,B.1
B.1.617.2,B.1.617.2
B.1.617.3,B.1
B.1.618,B.1
B.1.619,B.1
B.1.620,B.1
B.1.621,B.1
B.1.621.1,B.1
B.1.621.2,B.1
B.1.623,B.1
B.1.625,B.1
B.1.626,B.1
B.1.629,B.1
B.1.630,B.1
B.1.637,B.1
B.1.640.1,B.1
B.1.9,B.1
B.23,other
B.3,other
B.39,other
B.4,other
B.40,other
B.55,other
BA.1,BA.1
BA.1.1,BA.1.1
BA.1.1.1,BA.1.1.1
BA.1.1.10,BA.1.1
BA.1.1.11,BA.1.1
BA.1.1.12,BA.1.1
BA.1.1.13,BA.1.1.13
BA.1.1.14,BA.1.1.14
BA.1.1.15,BA.1.1.15
BA.1.1.16,BA.1.1
BA.1.1.17,BA.1.1
BA.1.1.18,BA.1.1
BA.1.1.2,BA.1.1
BA.1.1.3,BA.1.1
BA.1.1.4,BA.1.1
BA.1.1.5,BA.1.1
BA.1.1.6,BA.1.1
BA.1.1.7,BA.1.1
BA.1.1.8,BA.1.1
BA.1.1.9,BA.1.1
BA.1.10,BA.1
BA.1.12,BA.1
BA.1.13,BA.1
BA.1.13.1,BA.1
BA.1.14,BA.1
BA.1.14.1,BA.1
BA.1.14.2,BA.1
BA.1.15,BA.1.15
BA.1.15.1,BA.1.15.1
BA.1.15.2,BA.1.15
BA.1.15.3,BA.1.15
BA.1.16,BA.1.16
BA.1.16.1,BA.1.16
BA.1.16.2,BA.1.16
BA.1.17,BA.1.17
BA.1.17.1,BA.1.17
BA.1.17.2,BA.1.17.2
BA.1.18,BA.1
BA.1.19,BA.1
BA.1.20,BA.1
BA.1.21,BA.1
BA.1.21.1,BA.1
BA.1.22,BA.1
BA.1.24,BA.1
BA.1.3,BA.1
BA.1.4,BA.1
BA.1.5,BA.1
BA.1.6,BA.1
BA.1.7,BA.1
BA.1.8,BA.1
BA.1.9,BA.1
BA.2,BA.2
BA.2.1,BA.2.1
BA.2.10,BA.2.10
BA.2.10.1,BA.2.10
BA.2.10.2,BA.2.10
BA.2.10.3,BA.2.10
BA.2.10.4,BA.2.10
BA.2.11,BA.2
BA.2.12,BA.2
BA.2.12.1,BA.2
BA.2.12.2,BA.2
BA.2.13,BA.2
BA.2.13.1,BA.2
BA.2.14,BA.2
BA.2.15,BA.2
BA.2.16,BA.2
BA.2.17,BA.2
BA.2.18,BA.2
BA.2.2,BA.2
BA.2.2.1,BA.2
BA.2.20,BA.2
BA.2.21,BA.2
BA.2.22,BA.2
BA.2.23,BA.2
BA.2.23.1,BA.2
BA.2.24,BA.2
BA.2.25,BA.2
BA.2.26,BA.2
BA.2.27,BA.2
BA.2.28,BA.2
BA.2.29,BA.2
BA.2.3,BA.2.3
BA.2.3.1,BA.2.3
BA.2.3.10,BA.2.3
BA.2.3.11,BA.2.3
BA.2.3.12,BA.2.3
BA.2.3.14,BA.2.3
BA.2.3.15,BA.2.3
BA.2.3.16,BA.2.3
BA.2.3.17,BA.2.3
BA.2.3.2,BA.2.3
BA.2.3.20,BA.2.3
BA.2.3.4,BA.2.3
BA.2.3.5,BA.2.3
BA.2.3.6,BA.2.3
BA.2.3.7,BA.2.3
BA.2.3.9,BA.2.3
BA.2.30,BA.2
BA.2.31,BA.2
BA.2.31.1,BA.2
BA.2.32,BA.2
BA.2.33,BA.2
BA.2.34,BA.2
BA.2.35,BA.2
BA.2.36,BA.2
BA.2.37,BA.2
BA.2.38,BA.2
BA.2.38.1,BA.2
BA.2.38.2,BA.2
BA.2.38.3,BA.2
BA.2.39,BA.2
BA.2.4,BA.2
BA.2.40,BA.2
BA.2.40.1,BA.2
BA.2.41,BA.2
BA.2.42,BA.2
BA.2.43,BA.2
BA.2.44,BA.2
BA.2.45,BA.2
BA.2.46,BA.2
BA.2.47,BA.2
BA.2.48,BA.2
BA.2.49,BA.2
BA.2.5,BA.2
BA.2.50,BA.2
BA.2.51,BA.2
BA.2.52,BA.2
BA.2.53,BA.2
BA.2.54,BA.2
BA.2.55,BA.2
BA.2.56,BA.2
BA.2.57,BA.2
BA.2.58,BA.2
BA.2.6,BA.2
BA.2.60,BA.2
BA.2.61,BA.2
BA.2.62,BA.2
BA.2.63,BA.2
BA.2.64,BA.2
BA.2.65,BA.2
BA.2.66,BA.2
BA.2.67,BA.2
BA.2.68,BA.2
BA.2.7,BA.2
BA.2.70,BA.2
BA.2.71,BA.2
BA.2.72,BA.2
BA.2.74,BA.2
BA.2.75,BA.2.75
BA.2.75.1,BA.2.75
BA.2.75.10,BA.2.75
BA.2.75.2,BA.2.75
BA.2.75.3,BA.2.75
BA.2.75.4,BA.2.75
BA.2.75.5,BA.2.75
BA.2.75.6,BA.2.75
BA.2.75.7,BA.2.75
BA.2.76,BA.2
BA.2.77,BA.2
BA.2.78,BA.2
BA.2.79,BA.2
BA.2.8,BA.2
BA.2.80,BA.2
BA.2.81,BA.2
BA.2.82,BA.2
BA.2.85,BA.2
BA.2.86,BA.2
BA.2.86.1,BA.2
BA.2.86.2,BA.2
BA.2.86.3,BA.2
BA.2.86.4,BA.2
BA.2.86.5,BA.2
BA.2.86.6,BA.2
BA.2.87,BA.2
BA.2.9,BA.2.9
BA.2.9.1,BA.2.9
BA.2.9.2,BA.2.9
BA.2.9.3,BA.2.9
BA.2.9.4,BA.2.9
BA.2.9.5,BA.2.9
BA.2.9.6,BA.2.9
BA.2.9.7,BA.2.9
BA.3,B.1.1
BA.3.1,B.1.1
BA.4,BA.4
BA.4.1,BA.4
BA.4.1.1,BA.4
BA.4.1.10,BA.4
BA.4.1.11,BA.4
BA.4.1.3,BA.4
BA.4.1.4,BA.4
BA.4.1.5,BA.4
BA.4.1.6,BA.4
BA.4.1.7,BA.4
BA.4.1.8,BA.4
BA.4.1.9,BA.4
BA.4.2,BA.4
BA.4.3,BA.4
BA.4.4,BA.4
BA.4.5,BA.4
BA.4.6,BA.4
BA.4.6.1,BA.4
BA.4.6.2,BA.4
BA.4.6.3,BA.4
BA.4.6.4,BA.4
BA.4.6.5,BA.4
BA.4.7,BA.4
BA.5,BA.5
BA.5.1,BA.5.1
BA.5.1.1,BA.5.1
BA.5.1.10,BA.5.1
BA.5.1.11,BA.5.1
BA.5.1.12,BA.5.1
BA.5.1.15,BA.5.1
BA.5.1.16,BA.5.1
BA.5.1.17,BA.5.1
BA.5.1.18,BA.5.1
BA.5.1.19,BA.5.1
BA.5.1.2,BA.5.1
BA.5.1.20,BA.5.1
BA.5.1.21,BA.5.1
BA.5.1.22,BA.5.1
BA.5.1.23,BA.5.1
BA.5.1.24,BA.5.1
BA.5.1.25,BA.5.1
BA.5.1.26,BA.5.1
BA.5.1.27,BA.5.1
BA.5.1.28,BA.5.1
BA.5.1.3,BA.5.1
BA.5.1.30,BA.5.1
BA.5.1.31,BA.5.1
BA.5.1.32,BA.5.1
BA.5.1.33,BA.5.1
BA.5.1.35,BA.5.1
BA.5.1.37,BA.5.1
BA.5.1.4,BA.5.1
BA.5.1.5,BA.5.1
BA.5.1.6,BA.5.1
BA.5.1.7,BA.5.1
BA.5.1.8,BA.5.1
BA.5.1.9,BA.5.1
BA.5.10,BA.5
BA.5.10.1,BA.5
BA.5.11,BA.5
BA.5.2,BA.5.2
BA.5.2.1,BA.5.2.1
BA.5.2.12,BA.5.2
BA.5.2.13,BA.5.2
BA.5.2.14,BA.5.2
BA.5.2.16,BA.5.2
BA.5.2.19,BA.5.2
BA.5.2.2,BA.5.2
BA.5.2.20,BA.5.2
BA.5.2.21,BA.5.2
BA.5.2.22,BA.5.2
BA.5.2.23,BA.5.2
BA.5.2.24,BA.5.2
BA.5.2.25,BA.5.2
BA.5.2.26,BA.5.2
BA.5.2.27,BA.5.2
BA.5.2.28,BA.5.2
BA.5.2.29,BA.5.2
BA.5.2.3,BA.5.2
BA.5.2.30,BA.5.2
BA.5.2.31,BA.5.2
BA.5.2.33,BA.5.2
BA.5.2.34,BA.5.2
BA.5.2.35,BA.5.2
BA.5.2.36,BA.5.2
BA.5.2.37,BA.5.2
BA.5.2.38,BA.5.2
BA.5.2.39,BA.5.2
BA.5.2.4,BA.5.2
BA.5.2.40,BA.5.2
BA.5.2.41,BA.5.2
BA.5.2.42,BA.5.2
BA.5.2.43,BA.5.2
BA.5.2.44,BA.5.2
BA.5.2.45,BA.5.2
BA.5.2.46,BA.5.2
BA.5.2.47,BA.5.2
BA.5.2.48,BA.5.2
BA.5.2.51,BA.5.2
BA.5.2.52,BA.5.2
BA.5.2.53,BA.5.2
BA.5.2.54,BA.5.2
BA.5.2.56,BA.5.2
BA.5.2.57,BA.5.2
BA.5.2.58,BA.5.2
BA.5.2.59,BA.5.2
BA.5.2.6,BA.5.2
BA.5.2.60,BA.5.2
BA.5.2.61,BA.5.2
BA.5.2.62,BA.5.2
BA.5.2.63,BA.5.2
BA.5.2.7,BA.5.2
BA.5.2.8,BA.5.2
BA.5.2.9,BA.5.2
BA.5.3,BA.5
BA.5.3.1,BA.5
BA.5.3.2,BA.5
BA.5.3.3,BA.5
BA.5.3.4,BA.5
BA.5.3.5,BA.5
BA.5.5,BA.5
BA.5.5.1,BA.5
BA.5.5.2,BA.5
BA.5.5.3,BA.5
BA.5.6,BA.5
BA.5.6.1,BA.5
BA.5.6.2,BA.5
BA.5.6.3,BA.5
BA.5.6.4,BA.5
BA.5.7,BA.5
BA.5.8,BA.5
BA.5.9,BA.5
BB.2,B.1
BC.1,BA.1.1.1
BC.2,BA.1.1.1
BD.1,BD.1
BE.1,BE.1
BE.1.1,BE.1
BE.1.1.1,BE.1
BE.1.1.2,BE.1
BE.1.2,BE.1
BE.1.2.1,BE.1
BE.1.3,BE.1
BE.1.4,BE.1
BE.1.4.4,BE.1
BE.10,BA.5
BE.11,BA.5
BE.12,BA.5
BE.13,BA.5
BE.2,BA.5
BE.3,BA.5
BE.4,BA.5
BE.4.1,BA.5
BE.4.1.1,BA.5
BE.4.2,BA.5
BE.6,BA.5
BE.7,BA.5
BE.8,BA.5
BE.9,BA.5
BF.1,BA.5.2.1
BF.1.1,BA.5.2.1
BF.10,BA.5.2.1
BF.11,BA.5.2.1
BF.11.1,BA.5.2.1
BF.11.2,BA.5.2.1
BF.11.3,BA.5.2.1
BF.11.4,BA.5.2.1
BF.11.5,BA.5.2.1
BF.12,BA.5.2.1
BF.13,BA.5.2.1
BF.14,BA.5.2.1
BF.15,BA.5.2.1
BF.16,BA.5.2.1
BF.17,BA.5.2.1
BF.18,BA.5.2.1
BF.19,BA.5.2.1
BF.2,BA.5.2.1
BF.20,BA.5.2.1
BF.21,BA.5.2.1
BF.23,BA.5.2.1
BF.24,BA.5.2.1
BF.25,BA.5.2.1
BF.26,BA.5.2.1
BF.27,BA.5.2.1
BF.28,BA.5.2.1
BF.29,BA.5.2.1
BF.3,BA.5.2.1
BF.3.1,BA.5.2.1
BF.30,BA.5.2.1
BF.31,BA.5.2.1
BF.31.1,BA.5.2.1
BF.34,BA.5.2.1
BF.36,BA.5.2.1
BF.39,BA.5.2.1
BF.4,BA.5.2.1
BF.40,BA.5.2.1
BF.41,BA.5.2.1
BF.5,BA.5.2.1
BF.5.1,BA.5.2.1
BF.5.5,BA.5.2.1
BF.6,BA.5.2.1
BF.7,BA.5.2.1
BF.7.1,BA.5.2.1
BF.7.10,BA.5.2.1
BF.7.11,BA.5.2.1
BF.7.12,BA.5.2.1
BF.7.13,BA.5.2.1
BF.7.13.1,BA.5.2.1
BF.7.13.2,BA.5.2.1
BF.7.14,BA.5.2.1
BF.7.16,BA.5.2.1
BF.7.19,BA.5.2.1
BF.7.20,BA.5.2.1
BF.7.21,BA.5.2.1
BF.7.22,BA.5.2.1
BF.7.23,BA.5.2.1
BF.7.24,BA.5.2.1
BF.7.26,BA.5.2.1
BF.7.3,BA.5.2.1
BF.7.4,BA.5.2.1
BF.7.4.1,BA.5.2.1
BF.7.4.2,BA.5.2.1
BF.7.5,BA.5.2.1
BF.7.6,BA.5.2.1
BF.7.7,BA.5.2.1
BF.7.8,BA.5.2.1
BF.7.9,BA.5.2.1
BF.8,BA.5.2.1
BF.9,BA.5.2.1
BG.1,BA.2
BG.2,BA.2
BG.4,BA.2
BG.5,BA.2
BG.6,BA.2
BH.1,BA.2
BJ.1,BA.2.10
BK.1,BA.5.1
BL.1,BA.2.75
BL.1.1,BA.2.75
BL.1.3,BA.2.75
BL.1.4,BA.2.75
BL.2,BA.2.75
BL.3,BA.2.75
BL.4,BA.2.75
BM.1,BA.2.75
BM.1.1,BA.2.75
BM.1.1.1,BA.2.75
BM.1.1.2,BA.2.75
BM.1.1.3,BA.2.75
BM.1.1.4,BA.2.75
BM.1.1.5,BA.2.75
BM.2.1,BA.2.75
BM.2.3,BA.2.75
BM.4.1,BA.2.75
BM.4.1.1,BA.2.75
BM.5,BA.2.75
BN.1,BA.2.75
BN.1.1,BA.2.75
BN.1.1.1,BA.2.75
BN.1.10,BA.2.75
BN.1.2,BA.2.75
BN.1.2.1,BA.2.75
BN.1.2.2,BA.2.75
BN.1.2.3,BA.2.75
BN.1.2.4,BA.2.75
BN.1.2.5,BA.2.75
BN.1.2.6,BA.2.75
BN.1.2.8,BA.2.75
BN.1.3,BA.2.75
BN.1.3.1,BA.2.75
BN.1.3.12,BA.2.75
BN.1.3.4,BA.2.75
BN.1.3.5,BA.2.75
BN.1.3.6,BA.2.75
BN.1.3.7,BA.2.75
BN.1.3.9,BA.2.75
BN.1.4,BA.2.75
BN.1.4.1,BA.2.75
BN.1.4.3,BA.2.75
BN.1.4.4,BA.2.75
BN.1.4.5,BA.2.75
BN.1.5,BA.2.75
BN.1.5.2,BA.2.75
BN.1.7,BA.2.75
BN.1.9,BA.2.75
BN.2.1,BA.2.75
BN.3,BA.2.75
BN.3.1,BA.2.75
BN.4,BA.2.75
BN.5,BA.2.75
BN.6,BA.2.75
BQ.1,BQ.1
BQ.1.1,BQ.1.1
BQ.1.1.1,BQ.1.1
BQ.1.1.10,BQ.1.1
BQ.1.1.11,BQ.1.1
BQ.1.1.12,BQ.1.1
BQ.1.1.13,BQ.1.1
BQ.1.1.14,BQ.1.1
BQ.1.1.15,BQ.1.1
BQ.1.1.16,BQ.1.1
BQ.1.1.17,BQ.1.1
BQ.1.1.18,BQ.1.1
BQ.1.1.19,BQ.1.1
BQ.1.1.2,BQ.1.1
BQ.1.1.20,BQ.1.1
BQ.1.1.21,BQ.1.1
BQ.1.1.22,BQ.1.1
BQ.1.1.23,BQ.1.1
BQ.1.1.24,BQ.1.1
BQ.1.1.25,BQ.1.1
BQ.1.1.26,BQ.1.1
BQ.1.1.27,BQ.1.1
BQ.1.1.28,BQ.1.1
BQ.1.1.29,BQ.1.1
BQ.1.1.3,BQ.1.1
BQ.1.1.30,BQ.1.1
BQ.1.1.31,BQ.1.1
BQ.1.1.32,BQ.1.1
BQ.1.1.34,BQ.1.1
BQ.1.1.35,BQ.1.1
BQ.1.1.36,BQ.1.1
BQ.1.1.37,BQ.1.1
BQ.1.1.38,BQ.1.1
BQ.1.1.39,BQ.1.1
BQ.1.1.4,BQ.1.1
BQ.1.1.40,BQ.1.1
BQ.1.1.41,BQ.1.1
BQ.1.1.42,BQ.1.1
BQ.1.1.43,BQ.1.1
BQ.1.1.44,BQ.1.1
BQ.1.1.45,BQ.1.1
BQ.1.1.46,BQ.1.1
BQ.1.1.47,BQ.1.1
BQ.1.1.49,BQ.1.1
BQ.1.1.5,BQ.1.1
BQ.1.1.51,BQ.1.1
BQ.1.1.52,BQ.1.1
BQ.1.1.53,BQ.1.1
BQ.1.1.56,BQ.1.1
BQ.1.1.57,BQ.1.1
BQ.1.1.58,BQ.1.1
BQ.1.1.59,BQ.1.1
BQ.1.1.6,BQ.1.1
BQ.1.1.60,BQ.1.1
BQ.1.1.62,BQ.1.1
BQ.1.1.63,BQ.1.1
BQ.1.1.64,BQ.1.1
BQ.1.1.65,BQ.1.1
BQ.1.1.66,BQ.1.1
BQ.1.1.67,BQ.1.1
BQ.1.1.68,BQ.1.1
BQ.1.1.69,BQ.1.1
BQ.1.1.7,BQ.1.1
BQ.1.1.71,BQ.1.1
BQ.1.1.72,BQ.1.1
BQ.1.1.74,BQ.1.1
BQ.1.1.76,BQ.1.1
BQ.1.1.78,BQ.1.1
BQ.1.1.79,BQ.1.1
BQ.1.1.8,BQ.1.1
BQ.1.1.9,BQ.1.1
BQ.1.10,BQ.1
BQ.1.10.1,BQ.1
BQ.1.10.2,BQ.1
BQ.1.10.3,BQ.1
BQ.1.11,BQ.1
BQ.1.11.1,BQ.1
BQ.1.12,BQ.1
BQ.1.13,BQ.1
BQ.1.13.1,BQ.1
BQ.1.14,BQ.1
BQ.1.15,BQ.1
BQ.1.16,BQ.1
BQ.1.17,BQ.1
BQ.1.18,BQ.1
BQ.1.19,BQ.1
BQ.1.2,BQ.1
BQ.1.2.1,BQ.1
BQ.1.2.2,BQ.1
BQ.1.2.3,BQ.1
BQ.1.20,BQ.1
BQ.1.21,BQ.1
BQ.1.22,BQ.1
BQ.1.23,BQ.1
BQ.1.24,BQ.1
BQ.1.25,BQ.1
BQ.1.25.1,BQ.1
BQ.1.26,BQ.1
BQ.1.26.1,BQ.1
BQ.1.27,BQ.1
BQ.1.28,BQ.1
BQ.1.3,BQ.1
BQ.1.3.1,BQ.1
BQ.1.3.2,BQ.1
BQ.1.31,BQ.1
BQ.1.32,BQ.1
BQ.1.33,BQ.1
BQ.1.4,BQ.1
BQ.1.5,BQ.1
BQ.1.6,BQ.1
BQ.1.7,BQ.1
BQ.1.8,BQ.1
BQ.1.8.1,BQ.1
BQ.1.8.2,BQ.1
BQ.2,BE.1
BR.1,BA.2.75
BR.1.2,BA.2.75
BR.2.1,BA.2.75
BR.3,BA.2.75
BR.5,BA.2.75
BS.1,BA.2.3
BS.1.1,BA.2.3
BT.1,BA.5.1
BT.2,BA.5.1
BU.1,BA.5.2
BV.1,BA.5.2
BV.2,BA.5.2
BW.1,BA.5
BW.1.1,BA.5
BW.1.1.1,BA.5
BW.1.1.2,BA.5
BY.1,BA.2.75
BY.1.1,BA.2.75
BY.1.1.1,BA.2.75
BY.1.2,BA.2.75
BY.1.2.1,BA.2.75
C.1.2,B.1.1
C.16,B.1.1
C.2.1,B.1.1
C.33,B.1.1
C.35,B.1.1
C.36,B.1.1
C.36.3,B.1.1
C.36.3.1,B.1.1
C.37,B.1.1
C.38,B.1.1
CA.1,BA.2.75
CA.2,BA.2.75
CA.3,BA.2.75
CA.3.1,BA.2.75
CA.5,BA.2.75
CA.6,BA.2.75
CA.7,BA.2.75
CB.1,BA.2.75
CC.1,BE.1
CD.1,BA.5.2
CE.1,BA.5.2
CG.1,BA.5.2
CH.1,BA.2.75
CH.1.1,CH.1.1
CH.1.1.1,CH.1.1.1
CH.1.1.10,CH.1.1
CH.1.1.11,CH.1.1
CH.1.1.12,CH.1.1
CH.1.1.13,CH.1.1
CH.1.1.14,CH.1.1
CH.1.1.15,CH.1.1
CH.1.1.16,CH.1.1
CH.1.1.17,CH.1.1
CH.1.1.18,CH.1.1
CH.1.1.19,CH.1.1
CH.1.1.2,CH.1.1
CH.1.1.20,CH.1.1
CH.1.1.21,CH.1.1
CH.1.1.23,CH.1.1
CH.1.1.24,CH.1.1
CH.1.1.25,CH.1.1
CH.1.1.26,CH.1.1
CH.1.1.27,CH.1.1
CH.1.1.28,CH.1.1
CH.1.1.3,CH.1.1
CH.1.1.30,CH.1.1
CH.1.1.32,CH.1.1
CH.1.1.5,CH.1.1
CH.1.1.6,CH.1.1
CH.1.1.7,CH.1.1
CH.1.1.8,CH.1.1
CH.1.1.9,CH.1.1
CH.3.1,BA.2.75
CJ.1,BA.2.75
CJ.1.1,BA.2.75
CJ.1.2,BA.2.75
CJ.1.3,BA.2.75
CK.1,BA.5.2
CK.1.2,BA.5.2
CK.1.3,BA.5.2
CK.1.4,BA.5.2
CK.2,BA.5.2
CK.2.1,BA.5.2
CK.2.1.1,BA.5.2
CK.3,BA.5.2
CL.1,BA.5.1
CL.1.1,BA.5.1
CL.1.2,BA.5.1
CL.1.3,BA.5.1
CM.11,BA.2.3
CM.12,BA.2.3
CM.2,BA.2.3
CM.2.1,BA.2.3
CM.3,BA.2.3
CM.4,BA.2.3
CM.4.1,BA.2.3
CM.5,BA.2.3
CM.7.1,BA.2.3
CM.7.1.1,BA.2.3
CM.8,BA.2.3
CM.8.1,BA.2.3
CM.8.1.3,BA.2.3
CM.8.1.4,BA.2.3
CN.1,BA.5.2
CP.1,BA.5.2
CP.1.1,BA.5.2
CP.1.2,BA.5.2
CP.1.3,BA.5.2
CP.3,BA.5.2
CP.5,BA.5.2
CP.8,BA.5.2
CQ.1.1,BA.5
CQ.2,BA.5
CR.1,BA.5.2
CR.1.1,BA.5.2
CR.1.3,BA.5.2
CR.2,BA.5.2
CS.1,BA.4
CT.1,BA.5.2
CV.1,BA.2.75
CV.2,BA.2.75
CW.1,BQ.1.1
CZ.1,BQ.1.1
DA.1,BA.5.2
DC.1,BA.4
DE.1,BA.5.1
DF.1,BA.5
DF.1.1,BA.5
DG.1,BA.5.2
DJ.1.1.1,BA.5.1
DK.1,BQ.1.1
DL.1,BA.5.1
DN.1,BQ.1.1
DN.1.1,BQ.1.1
DN.1.1.1,BQ.1.1
DN.1.1.2,BQ.1.1
DN.1.1.3,BQ.1.1
DN.1.1.4,BQ.1.1
DN.2,BQ.1.1
DP.1,BQ.1.1
DQ.1,BA.5.2
DS.1,BA.2.75
DS.2,BA.2.75
DS.3,BA.2.75
DT.1,BQ.1.1
DT.2,BQ.1.1
DU.1,BQ.1.1
DV.1,CH.1.1.1
DV.1.1,CH.1.1.1
DV.2,CH.1.1.1
DV.3,CH.1.1.1
DV.3.1,CH.1.1.1
DV.4,CH.1.1.1
DV.5,CH.1.1.1
DV.6,CH.1.1.1
DV.6.1,CH.1.1.1
DV.6.2,CH.1.1.1
DV.7,CH.1.1.1
DV.7.1,CH.1.1.1
DV.7.1.1,CH.1.1.1
DV.7.1.2,CH.1.1.1
DV.7.1.3,CH.1.1.1
DV.7.1.4,CH.1.1.1
DV.7.1.5,CH.1.1.1
DV.7.1.6,CH.1.1.1
DV.7.1.7,CH.1.1.1
DV.7.2,CH.1.1.1
DV.8,CH.1.1.1
DW.1,BE.1
DY.1,BA.5.2
DY.2,BA.5.2
DY.4,BA.5.2
EA.1,BQ.1.1
EC.1,BQ.1
EC.1.1,BQ.1
ED.2,BQ.1.1
EE.2,BQ.1.1
EE.4,BQ.1.1
EE.5,BQ.1.1
EF.1,BQ.1.1
EF.1.1,BQ.1.1
EF.1.1.1,BQ.1.1
EF.1.2,BQ.1.1
EF.1.3,BQ.1.1
EF.2,BQ.1.1
EF.3,BQ.1.1
EG.1,XBB.1
EG.1.1,XBB.1
EG.1.2,XBB.1
EG.1.3,XBB.1
EG.1.4,XBB.1
EG.1.4.1,XBB.1
EG.1.5,XBB.1
EG.1.6,XBB.1
EG.1.7,XBB.1
EG.1.8,XBB.1
EG.10,XBB.1
EG.10.1,XBB.1
EG.10.1.1,XBB.1
EG.11,XBB.1
EG.12,XBB.1
EG.13,XBB.1
EG.14,XBB.1
EG.2,XBB.1
EG.2.2,XBB.1
EG.2.4,XBB.1
EG.2.5,XBB.1
EG.3,XBB.1
EG.4,XBB.1
EG.4.1,XBB.1
EG.4.4,XBB.1
EG.4.5,XBB.1
EG.5,XBB.1
EG.5.1,EG.5.1
EG.5.1.1,EG.5.1
EG.5.1.10,EG.5.1
EG.5.1.12,EG.5.1
EG.5.1.13,EG.5.1
EG.5.1.14,EG.5.1
EG.5.1.15,EG.5.1
EG.5.1.16,EG.5.1
EG.5.1.18,EG.5.1
EG.5.1.19,EG.5.1
EG.5.1.2,EG.5.1
EG.5.1.3,EG.5.1
EG.5.1.4,EG.5.1
EG.5.1.5,EG.5.1
EG.5.1.6,EG.5.1
EG.5.1.7,EG.5.1
EG.5.1.8,EG.5.1
EG.5.1.9,EG.5.1
EG.5.2,XBB.1
EG.5.2.1,XBB.1
EG.5.2.2,XBB.1
EG.5.2.3,XBB.1
EG.5.2.4,XBB.1
EG.6,XBB.1
EG.6.1,XBB.1
EG.6.1.1,XBB.1
EG.6.1.2,XBB.1
EG.7,XBB.1
EG.8,XBB.1
EG.9,XBB.1
EG.9.1,XBB.1
EH.1,BQ.1.1
EJ.1,BA.2.75
EJ.2,BA.2.75
EK.2,XBB.1.5
EK.2.1,XBB.1.5
EK.3,XBB.1.5
EK.4,XBB.1.5
EL.1,XBB.1.5
EM.1,XBB.1.5
EN.1,BQ.1.1
EQ.1,BA.5.1
ER.1,BQ.1.1
ER.1.1,BQ.1.1
ES.1,BQ.1.1
ET.1,BQ.1.1
EU.1,XBB.1.5
EU.1.1,XBB.1.5
EU.1.1.1,XBB.1.5
EU.1.1.3,XBB.1.5
EV.1,BQ.1.1
EW.1,BQ.1.1
EW.2,BQ.1.1
EZ.1,BQ.1.1
FA.1,BQ.1.1
FB.1,BQ.1
FB.2,BQ.1
FC.1,BQ.1.1
FD.1,XBB.1.5
FD.1.1,XBB.1.5
FD.2,XBB.1.5
FD.3,XBB.1.5
FD.4,XBB.1.5
FD.4.1,XBB.1.5
FD.5.1,XBB.1.5
FE.1,XBB.1
FE.1.1,XBB.1
FE.1.1.1,XBB.1
FE.1.1.5,XBB.1
FE.1.2,XBB.1
FF.1,BQ.1
FG.1,XBB.1.5
FG.2,XBB.1.5
FG.3,XBB.1.5
FH.1,XBB.1.5
FJ.1,CH.1.1
FK.1,CH.1.1
FK.1.1,CH.1.1
FK.1.1.2,CH.1.1
FK.1.2,CH.1.1
FK.1.2.1,CH.1.1
FK.1.2.2,CH.1.1
FK.1.3.2,CH.1.1
FK.1.5,CH.1.1
FL.1,XBB.1.9.1
FL.1.1,XBB.1.9.1
FL.1.2,XBB.1.9.1
FL.1.3,XBB.1.9.1
FL.1.4,XBB.1.9.1
FL.1.5,XBB.1.9.1
FL.1.5.1,XBB.1.9.1
FL.1.5.2,XBB.1.9.1
FL.1.6,XBB.1.9.1
FL.1.8,XBB.1.9.1
FL.10,XBB.1.9.1
FL.10.1,XBB.1.9.1
FL.10.3,XBB.1.9.1
FL.11,XBB.1.9.1
FL.12,XBB.1.9.1
FL.13,XBB.1.9.1
FL.13.2,XBB.1.9.1
FL.13.3,XBB.1.9.1
FL.13.3.1,XBB.1.9.1
FL.13.4,XBB.1.9.1
FL.13.4.1,XBB.1.9.1
FL.14,XBB.1.9.1
FL.15,XBB.1.9.1
FL.15.1.1,XBB.1.9.1
FL.15.2,XBB.1.9.1
FL.15.3,XBB.1.9.1
FL.15.4,XBB.1.9.1
FL.16,XBB.1.9.1
FL.17,XBB.1.9.1
FL.17.2,XBB.1.9.1
FL.18,XBB.1.9.1
FL.18.1,XBB.1.9.1
FL.18.1.1,XBB.1.9.1
FL.19.1,XBB.1.9.1
FL.2,XBB.1.9.1
FL.2.1,XBB.1.9.1
FL.2.2,XBB.1.9.1
FL.2.2.1,XBB.1.9.1
FL.2.3,XBB.1.9.1
FL.2.4,XBB.1.9.1
FL.2.5,XBB.1.9.1
FL.2.6,XBB.1.9.1
FL.2.7,XBB.1.9.1
FL.2.7.1,XBB.1.9.1
FL.20,XBB.1.9.1
FL.20.1,XBB.1.9.1
FL.20.2,XBB.1.9.1
FL.21,XBB.1.9.1
FL.22,XBB.1.9.1
FL.23,XBB.1.9.1
FL.23.1,XBB.1.9.1
FL.24,XBB.1.9.1
FL.24.1,XBB.1.9.1
FL.25,XBB.1.9.1
FL.26,XBB.1.9.1
FL.26.1,XBB.1.9.1
FL.27,XBB.1.9.1
FL.29,XBB.1.9.1
FL.3,XBB.1.9.1
FL.3.1,XBB.1.9.1
FL.3.2,XBB.1.9.1
FL.3.3,XBB.1.9.1
FL.3.4,XBB.1.9.1
FL.31,XBB.1.9.1
FL.31.1,XBB.1.9.1
FL.32.1,XBB.1.9.1
FL.33,XBB.1.9.1
FL.33.1,XBB.1.9.1
FL.35,XBB.1.9.1
FL.36,XBB.1.9.1
FL.38,XBB.1.9.1
FL.39,XBB.1.9.1
FL.39.1,XBB.1.9.1
FL.4,XBB.1.9.1
FL.4.1,XBB.1.9.1
FL.4.1.1,XBB.1.9.1
FL.4.11,XBB.1.9.1
FL.4.4,XBB.1.9.1
FL.4.5,XBB.1.9.1
FL.4.6,XBB.1.9.1
FL.4.9,XBB.1.9.1
FL.40,XBB.1.9.1
FL.5,XBB.1.9.1
FL.5.1,XBB.1.9.1
FL.7,XBB.1.9.1
FL.8,XBB.1.9.1
FL.9,XBB.1.9.1
FM.1,BQ.1.1
FM.2,BQ.1.1
FN.1,BQ.1.1
FP.1,XBB.1
FP.2,XBB.1
FP.3,XBB.1
FQ.1,BQ.1.1
FR.1,BA.2.75
FR.1.3,BA.2.75
FS.1,CH.1.1
FT.3.1,XBB.1.5
FT.3.1.1,XBB.1.5
FU.1,XBB.1.16
FU.1.1.1,XBB.1.16
FU.2,XBB.1.16
FU.2.1,XBB.1.16
FU.3,XBB.1.16
FU.3.1,XBB.1.16
FU.4,XBB.1.16
FU.5,XBB.1.16
FV.1,BA.2.3
FW.1,XBB.1
FW.1.1,XBB.1
FW.1.1.1,XBB.1
FW.2,XBB.1
FY.1.1,XBB.1
FY.1.2,XBB.1
FY.1.2.1,XBB.1
FY.1.2.2,XBB.1
FY.1.2.3,XBB.1
FY.1.4.1,XBB.1
FY.2,XBB.1
FY.2.1,XBB.1
FY.3.1,XBB.1
FY.3.2,XBB.1
FY.3.3,XBB.1
FY.4,XBB.1
FY.4.1,XBB.1
FY.4.1.1,XBB.1
FY.4.1.2,XBB.1
FY.4.2,XBB.1
FY.5,XBB.1
FY.5.1,XBB.1
FY.5.1.1,XBB.1
FY.5.2,XBB.1
FY.5.4,XBB.1
FY.5.5,XBB.1
FY.5.5.1,XBB.1
FY.6,XBB.1
FY.8,XBB.1
FY.8.1,XBB.1
FY.8.1.1,XBB.1
FY.9,XBB.1
FZ.1,XBB.1.5
FZ.1.1,XBB.1.5
FZ.2,XBB.1.5
GA.1,XBB.1
GA.2,XBB.1
GA.2.1.1,XBB.1
GA.3,XBB.1
GA.4,XBB.1
GA.4.1,XBB.1
GA.4.1.1,XBB.1
GA.4.1.2,XBB.1
GA.4.1.3,XBB.1
GA.4.2,XBB.1
GA.5,XBB.1
GA.6,XBB.1
GA.7.1,XBB.1
GA.7.2,XBB.1
GA.9,XBB.1
GB.1,XBB.1.5
GB.2,XBB.1.5
GC.1,XBB.1.5
GD.1,XBB.1
GD.2,XBB.1
GE.1,other
GE.1.1,other
GE.1.2,other
GE.1.2.2,other
GE.1.3,other
GE.1.4,other
GE.1.5,other
GE.1.6,other
GF.1,XBB.1.5
GG.1,XBB.1.5
GJ.1,other
GJ.1.1,other
GJ.1.2,other
GJ.1.2.1,other
GJ.1.2.2,other
GJ.1.2.4,other
GJ.1.2.5,other
GJ.1.2.6,other
GJ.1.2.8,other
GJ.2,other
GJ.3,other
GJ.4,other
GJ.5,other
GJ.5.1,other
GJ.6,other
GK.1,XBB.1.5
GK.1.1,XBB.1.5
GK.1.1.1,XBB.1.5
GK.1.10,XBB.1.5
GK.1.2,XBB.1.5
GK.1.2.1,XBB.1.5
GK.1.3,XBB.1.5
GK.1.5,XBB.1.5
GK.1.6,XBB.1.5
GK.1.6.1,XBB.1.5
GK.1.7,XBB.1.5
GK.1.8,XBB.1.5
GK.1.8.1,XBB.1.5
GK.10,XBB.1.5
GK.2,XBB.1.5
GK.2.1,XBB.1.5
GK.2.1.1,XBB.1.5
GK.2.2,XBB.1.5
GK.2.3,XBB.1.5
GK.2.4,XBB.1.5
GK.3,XBB.1.5
GK.3.1,XBB.1.5
GK.4,XBB.1.5
GK.7,XBB.1.5
GK.8.1,XBB.1.5
GL.1,other
GL.3,other
GM.3,other
GN.1,XBB.1.5
GN.1.1,XBB.1.5
GN.1.3,XBB.1.5
GN.2,XBB.1.5
GN.4,XBB.1.5
GP.1,CH.1.1
GP.2,CH.1.1
GP.3,CH.1.1
GQ.1,CH.1.1
GR.1,XBB.1.5
GS.1,other
GS.3,other
GS.4,other
GS.4.1,other
GS.4.1.1,other
GS.5,other
GS.6,other
GS.7,other
GS.7.1,other
GS.8,other
GV.1,XBB.1.5
GW.1,XBB.1
GW.3,XBB.1
GW.4,XBB.1
GW.5,XBB.1
GW.5.1,XBB.1
GW.5.1.1,XBB.1
GW.5.2,XBB.1
GW.5.3,XBB.1
GW.5.3.1,XBB.1
GY.1,XBB.1.16
GY.1.1,XBB.1.16
GY.2.1,XBB.1.16
GY.5,XBB.1.16
GY.6,XBB.1.16
GY.7,XBB.1.16
GY.8,XBB.1.16
GY.9,XBB.1.16
GZ.1,other
HA.2,XBB.1.5
HB.1,XBB.1
HC.2,XBB.1.5
HC.4,XBB.1.5
HE.1,XBB.1
HF.1,XBB.1.16
HF.1.1,XBB.1.16
HF.1.2,XBB.1.16
HH.1,other
HH.1.1,other
HH.2,other
HH.2.1,other
HH.4,other
HH.5,other
HH.7,other
HH.8.1,other
HJ.1,XBB.1.5
HK.1,EG.5.1
HK.1.2,EG.5.1
HK.11,EG.5.1
HK.11.1,EG.5.1
HK.12,EG.5.1
HK.13,EG.5.1
HK.13.1,EG.5.1
HK.13.2,EG.5.1
HK.13.2.1,EG.5.1
HK.14,EG.5.1
HK.15,EG.5.1
HK.16,EG.5.1
HK.17,EG.5.1
HK.18,EG.5.1
HK.19,EG.5.1
HK.2,EG.5.1
HK.2.1,EG.5.1
HK.20.1,EG.5.1
HK.21,EG.5.1
HK.22,EG.5.1
HK.24.1,EG.5.1
HK.26,EG.5.1
HK.26.1,EG.5.1
HK.27,EG.5.1
HK.27.1,EG.5.1
HK.27.1.1,EG.5.1
HK.28,EG.5.1
HK.29,EG.5.1
HK.3,EG.5.1
HK.3.1,EG.5.1
HK.3.10,EG.5.1
HK.3.11,EG.5.1
HK.3.12,EG.5.1
HK.3.13,EG.5.1
HK.3.14,EG.5.1
HK.3.2,EG.5.1
HK.3.2.1,EG.5.1
HK.3.2.2,EG.5.1
HK.3.3,EG.5.1
HK.3.4,EG.5.1
HK.3.5,EG.5.1
HK.3.6,EG.5.1
HK.3.8,EG.5.1
HK.3.9,EG.5.1
HK.30,EG.5.1
HK.31,EG.5.1
HK.32,EG.5.1
HK.33,EG.5.1
HK.34,EG.5.1
HK.5,EG.5.1
HK.6,EG.5.1
HK.7,EG.5.1
HK.8,EG.5.1
HK.8.1,EG.5.1
HK.9,EG.5.1
HN.1,XBB.1.9.1
HN.2,XBB.1.9.1
HN.2.1,XBB.1.9.1
HN.4,XBB.1.9.1
HN.4.1,XBB.1.9.1
HN.4.2,XBB.1.9.1
HN.5,XBB.1.9.1
HN.6,XBB.1.9.1
HP.1.1,XBB.1.5
HQ.1,XBB.1.5
HR.1.1,XBB.1.5
HS.1,XBB.1.5
HT.1,XBB.1.5
HT.2,XBB.1.5
HU.1,XBB.1
HU.1.1,XBB.1
HV.1,EG.5.1
HV.1.1,EG.5.1
HV.1.2,EG.5.1
HV.1.3,EG.5.1
HV.1.4,EG.5.1
HV.1.5,EG.5.1
HV.1.6,EG.5.1
HV.1.6.1,EG.5.1
HV.1.8,EG.5.1
HV.1.9,EG.5.1
HV.2,EG.5.1
HW.1,other
HW.1.1,other
HY.1,XBB.1.5
HZ.1,XBB.1.5
HZ.2,XBB.1.5
JA.1,other
JB.1,XBB.1.5
JB.1.1,XBB.1.5
JB.2,XBB.1.5
JB.2.1,XBB.1.5
JC.1,XBB.1
JC.2,XBB.1
JC.3,XBB.1
JC.5,XBB.1
JC.5.1,XBB.1
JC.6,XBB.1
JD.1.1,XBB.1.5
JD.1.1.1,XBB.1.5
JD.1.1.2,XBB.1.5
JD.1.1.3,XBB.1.5
JD.1.1.4,XBB.1.5
JD.1.1.7,XBB.1.5
JD.1.1.8,XBB.1.5
JD.1.2,XBB.1.5
JD.2,XBB.1.5
JE.1,other
JE.1.1,other
JE.1.1.1,other
JF.1,XBB.1.16
JF.1.1,XBB.1.16
JF.3,XBB.1.16
JF.4,XBB.1.16
JG.1,EG.5.1
JG.2,EG.5.1
JG.3,EG.5.1
JG.3.1,EG.5.1
JG.3.2,EG.5.1
JG.3.3,EG.5.1
JG.4,EG.5.1
JH.1,BQ.1
JH.2,BQ.1
JJ.1,EG.5.1
JM.1,XBB.1.16
JM.2,XBB.1.16
JN.1,JN.1
JN.1.1,JN.1
JN.1.1.1,JN.1
JN.1.1.2,JN.1
JN.1.1.3,JN.1
JN.1.1.4,JN.1
JN.1.1.6,JN.1
JN.1.1.7,JN.1
JN.1.1.8,JN.1
JN.1.1.9,JN.1
JN.1.10,JN.1
JN.1.11,JN.1
JN.1.11.1,JN.1
JN.1.11.2,JN.1
JN.1.13.1,JN.1
JN.1.15,JN.1
JN.1.16.1,JN.1
JN.1.16.2,JN.1
JN.1.18,JN.1
JN.1.18.1,JN.1
JN.1.18.2,JN.1
JN.1.18.5,JN.1
JN.1.19,JN.1
JN.1.2,JN.1
JN.1.2.1,JN.1
JN.1.21,JN.1
JN.1.22,JN.1
JN.1.24,JN.1
JN.1.25.1,JN.1
JN.1.28,JN.1
JN.1.29,JN.1
JN.1.29.1,JN.1
JN.1.3,JN.1
JN.1.30,JN.1
JN.1.30.1,JN.1
JN.1.31,JN.1
JN.1.32,JN.1
JN.1.32.1,JN.1
JN.1.34,JN.1
JN.1.37,JN.1
JN.1.38,JN.1
JN.1.38.1,JN.1
JN.1.39,JN.1
JN.1.39.1,JN.1
JN.1.39.2,JN.1
JN.1.39.3,JN.1
JN.1.4,JN.1
JN.1.4.1,JN.1
JN.1.4.2,JN.1
JN.1.4.3,JN.1
JN.1.4.5,JN.1
JN.1.4.6,JN.1
JN.1.4.7,JN.1
JN.1.4.9,JN.1
JN.1.40,JN.1
JN.1.42,JN.1
JN.1.43,JN.1
JN.1.43.1,JN.1
JN.1.44,JN.1
JN.1.44.1,JN.1
JN.1.45,JN.1
JN.1.46,JN.1
JN.1.47,JN.1
JN.1.47.2,JN.1
JN.1.48,JN.1
JN.1.48.1,JN.1
JN.1.49,JN.1
JN.1.5,JN.1
JN.1.51,JN.1
JN.1.51.1,JN.1
JN.1.52,JN.1
JN.1.53,JN.1
JN.1.54,JN.1
JN.1.55,JN.1
JN.1.55.1,JN.1
JN.1.56,JN.1
JN.1.57,JN.1
JN.1.58,JN.1
JN.1.58.1,JN.1
JN.1.58.2,JN.1
JN.1.59,JN.1
JN.1.6,JN.1
JN.1.6.1,JN.1
JN.1.60,JN.1
JN.1.61,JN.1
JN.1.63,JN.1
JN.1.63.1,JN.1
JN.1.64,JN.1
JN.1.64.1,JN.1
JN.1.65,JN.1
JN.1.67,JN.1
JN.1.67.1,JN.1
JN.1.68,JN.1
JN.1.7,JN.1
JN.1.7.1,JN.1
JN.1.7.2,JN.1
JN.1.7.3,JN.1
JN.1.7.4,JN.1
JN.1.7.5,JN.1
JN.1.8,JN.1
JN.1.8.1,JN.1
JN.1.8.3,JN.1
JN.1.8.4,JN.1
JN.1.9,JN.1
JN.1.9.1,JN.1
JN.1.9.2,JN.1
JN.10,BA.2
JN.11,BA.2
JN.12,BA.2
JN.13,BA.2
JN.13.1,BA.2
JN.16,BA.2
JN.17,BA.2
JN.18,BA.2
JN.2,BA.2
JN.2.1,BA.2
JN.2.2,BA.2
JN.2.2.1,BA.2
JN.2.3,BA.2
JN.2.4,BA.2
JN.2.5,BA.2
JN.3,BA.2
JN.3.1,BA.2
JN.3.2.1,BA.2
JN.3.3,BA.2
JN.4,BA.2
JN.5,BA.2
JN.5.1,BA.2
JN.6,BA.2
JN.7,BA.2
JN.9,BA.2
JP.1.1,CH.1.1
JQ.1,BA.2
JQ.2.1,BA.2
JR.1.1,EG.5.1
JR.1.1.1,EG.5.1
JS.1,other
JU.1,other
JV.2,CH.1.1.1
JW.1.1,XBB.1
JY.1,other
JY.1.1,other
JZ.1,XBB.1.5
KA.1,XBB.1.5
KB.1,EG.5.1
KB.2,EG.5.1
KB.4,EG.5.1
KC.1,XBB.1.9.1
KC.1.1,XBB.1.9.1
KE.1,XBB.1
KE.2,XBB.1
KE.3,XBB.1
KF.2,XBB.1.9.1
KG.1,CH.1.1.1
KG.2,CH.1.1.1
KH.1,other
KJ.1,XBB.1.16
KK.1,XBB.1.5
KL.1,EG.5.1
KL.1.1,EG.5.1
KP.1,JN.1
KP.1.1,JN.1
KP.1.1.1,JN.1
KP.1.1.2,JN.1
KP.2,JN.1
KP.2.1,JN.1
KP.2.11,JN.1
KP.2.16,JN.1
KP.2.2,JN.1
KP.2.23,JN.1
KP.2.25,JN.1
KP.2.3,JN.1
KP.2.5,JN.1
KP.2.7,JN.1
KP.3.1,JN.1
KP.3.1.4,JN.1
KP.3.2,JN.1
KP.3.2.4,JN.1
KP.4,JN.1
KP.4.1,JN.1
KP.4.1.1,JN.1
KP.4.2,JN.1
KP.5,JN.1
KP.6,JN.1
KQ.1,JN.1
KR.1,JN.1
KR.3,JN.1
KS.1,JN.1
KS.2,JN.1
KT.1,other
KT.1.1,other
KT.1.2,other
KU.1,JN.1
KU.2,JN.1
KU.2.2,JN.1
KW.1,JN.1
KW.1.1,JN.1
KY.1,JN.1
KZ.1.1,JN.1
L.3,B.1.1
LA.1,JN.1
LA.2,JN.1
LB.1,JN.1
LE.1,JN.1
LE.1.1,JN.1
LE.1.2,JN.1
LE.2,JN.1
LF.1,JN.1
LQ.1.1,JN.1
LV.1,BA.2
MD.1,JN.1
MD.3,JN.1
N.5,B.1.1
P.1,B.1.1
P.1.1,B.1.1
P.1.10.1,B.1.1
P.1.14,B.1.1
P.1.15,B.1.1
P.1.16,B.1.1
P.1.17,B.1.1
P.1.2,B.1.1
P.1.7,B.1.1
P.1.8,B.1.1
P.2,B.1.1
P.3,B.1.1
P.7,B.1.1
Q.1,B.1.1.7
Q.2,B.1.1.7
Q.3,B.1.1.7
Q.4,B.1.1.7
Q.7,B.1.1.7
Q.8,B.1.1.7
R.1,B.1.1
W.1,B.1.177
XA,other
XAB,other
XAC,other
XAD,other
XAF,other
XAG,other
XAH,other
XAJ,other
XAK,other
XAL,other
XAN,other
XAP,other
XAR,other
XAS,other
XAU,other
XAV,other
XAY.1,other
XAY.1.1.1,other
XAY.2,other
XAZ,other
XBB,other
XBB.1,XBB.1
XBB.1.1,XBB.1
XBB.1.11.1,XBB.1
XBB.1.12,XBB.1
XBB.1.13,XBB.1
XBB.1.13.1,XBB.1
XBB.1.14,XBB.1
XBB.1.15,XBB.1
XBB.1.15.1,XBB.1
XBB.1.16,XBB.1.16
XBB.1.16.1,XBB.1.16
XBB.1.16.10,XBB.1.16
XBB.1.16.11,XBB.1.16
XBB.1.16.12,XBB.1.16
XBB.1.16.13,XBB.1.16
XBB.1.16.14,XBB.1.16
XBB.1.16.15,XBB.1.16
XBB.1.16.16,XBB.1.16
XBB.1.16.17,XBB.1.16
XBB.1.16.18,XBB.1.16
XBB.1.16.19,XBB.1.16
XBB.1.16.2,XBB.1.16
XBB.1.16.20,XBB.1.16
XBB.1.16.21,XBB.1.16
XBB.1.16.22,XBB.1.16
XBB.1.16.23,XBB.1.16
XBB.1.16.24,XBB.1.16
XBB.1.16.25,XBB.1.16
XBB.1.16.27,XBB.1.16
XBB.1.16.28,XBB.1.16
XBB.1.16.29,XBB.1.16
XBB.1.16.3,XBB.1.16
XBB.1.16.30,XBB.1.16
XBB.1.16.31,XBB.1.16
XBB.1.16.32,XBB.1.16
XBB.1.16.4,XBB.1.16
XBB.1.16.5,XBB.1.16
XBB.1.16.6,XBB.1.16
XBB.1.16.7,XBB.1.16
XBB.1.16.8,XBB.1.16
XBB.1.16.9,XBB.1.16
XBB.1.17,XBB.1
XBB.1.17.1,XBB.1
XBB.1.17.2,XBB.1
XBB.1.18,XBB.1
XBB.1.18.1,XBB.1
XBB.1.19,XBB.1
XBB.1.19.1,XBB.1
XBB.1.19.2,XBB.1
XBB.1.22,XBB.1
XBB.1.22.1,XBB.1
XBB.1.22.2,XBB.1
XBB.1.24.1,XBB.1
XBB.1.27,XBB.1
XBB.1.28,XBB.1
XBB.1.28.1,XBB.1
XBB.1.3,XBB.1
XBB.1.30,XBB.1
XBB.1.31,XBB.1
XBB.1.32,XBB.1
XBB.1.33,XBB.1
XBB.1.34,XBB.1
XBB.1.34.1,XBB.1
XBB.1.35,XBB.1
XBB.1.36,XBB.1
XBB.1.37,XBB.1
XBB.1.37.1,XBB.1
XBB.1.38,XBB.1
XBB.1.4,XBB.1
XBB.1.4.1,XBB.1
XBB.1.41,XBB.1
XBB.1.41.1,XBB.1
XBB.1.41.2,XBB.1
XBB.1.41.3,XBB.1
XBB.1.42,XBB.1
XBB.1.42.1,XBB.1
XBB.1.42.2,XBB.1
XBB.1.43.1,XBB.1
XBB.1.44.1,XBB.1
XBB.1.45,XBB.1
XBB.1.47,XBB.1
XBB.1.48,XBB.1
XBB.1.5,XBB.1.5
XBB.1.5.1,XBB.1.5
XBB.1.5.10,XBB.1.5
XBB.1.5.100,XBB.1.5
XBB.1.5.103,XBB.1.5
XBB.1.5.104,XBB.1.5
XBB.1.5.105,XBB.1.5
XBB.1.5.107,XBB.1.5
XBB.1.5.108,XBB.1.5
XBB.1.5.109,XBB.1.5
XBB.1.5.11,XBB.1.5
XBB.1.5.110,XBB.1.5
XBB.1.5.12,XBB.1.5
XBB.1.5.13,XBB.1.5
XBB.1.5.14,XBB.1.5
XBB.1.5.15,XBB.1.5
XBB.1.5.16,XBB.1.5
XBB.1.5.17,XBB.1.5
XBB.1.5.18,XBB.1.5
XBB.1.5.19,XBB.1.5
XBB.1.5.2,XBB.1.5
XBB.1.5.20,XBB.1.5
XBB.1.5.21,XBB.1.5
XBB.1.5.23,XBB.1.5
XBB.1.5.24,XBB.1.5
XBB.1.5.25,XBB.1.5
XBB.1.5.26,XBB.1.5
XBB.1.5.28,XBB.1.5
XBB.1.5.3,XBB.1.5
XBB.1.5.30,XBB.1.5
XBB.1.5.31,XBB.1.5
XBB.1.5.32,XBB.1.5
XBB.1.5.33,XBB.1.5
XBB.1.5.34,XBB.1.5
XBB.1.5.35,XBB.1.5
XBB.1.5.36,XBB.1.5
XBB.1.5.37,XBB.1.5
XBB.1.5.38,XBB.1.5
XBB.1.5.39,XBB.1.5
XBB.1.5.4,XBB.1.5
XBB.1.5.40,XBB.1.5
XBB.1.5.43,XBB.1.5
XBB.1.5.45,XBB.1.5
XBB.1.5.46,XBB.1.5
XBB.1.5.47,XBB.1.5
XBB.1.5.48,XBB.1.5
XBB.1.5.49,XBB.1.5
XBB.1.5.5,XBB.1.5
XBB.1.5.50,XBB.1.5
XBB.1.5.51,XBB.1.5
XBB.1.5.52,XBB.1.5
XBB.1.5.54,XBB.1.5
XBB.1.5.55,XBB.1.5
XBB.1.5.56,XBB.1.5
XBB.1.5.57,XBB.1.5
XBB.1.5.58,XBB.1.5
XBB.1.5.59,XBB.1.5
XBB.1.5.6,XBB.1.5
XBB.1.5.60,XBB.1.5
XBB.1.5.61,XBB.1.5
XBB.1.5.62,XBB.1.5
XBB.1.5.63,XBB.1.5
XBB.1.5.65,XBB.1.5
XBB.1.5.66,XBB.1.5
XBB.1.5.67,XBB.1.5
XBB.1.5.68,XBB.1.5
XBB.1.5.69,XBB.1.5
XBB.1.5.7,XBB.1.5
XBB.1.5.70,XBB.1.5
XBB.1.5.71,XBB.1.5
XBB.1.5.72,XBB.1.5
XBB.1.5.73,XBB.1.5
XBB.1.5.75,XBB.1.5
XBB.1.5.76,XBB.1.5
XBB.1.5.77,XBB.1.5
XBB.1.5.78,XBB.1.5
XBB.1.5.79,XBB.1.5
XBB.1.5.8,XBB.1.5
XBB.1.5.80,XBB.1.5
XBB.1.5.83,XBB.1.5
XBB.1.5.84,XBB.1.5
XBB.1.5.85,XBB.1.5
XBB.1.5.86,XBB.1.5
XBB.1.5.88,XBB.1.5
XBB.1.5.89,XBB.1.5
XBB.1.5.9,XBB.1.5
XBB.1.5.90,XBB.1.5
XBB.1.5.91,XBB.1.5
XBB.1.5.92,XBB.1.5
XBB.1.5.93,XBB.1.5
XBB.1.5.94,XBB.1.5
XBB.1.5.95,XBB.1.5
XBB.1.5.96,XBB.1.5
XBB.1.5.97,XBB.1.5
XBB.1.5.98,XBB.1.5
XBB.1.5.99,XBB.1.5
XBB.1.7,XBB.1
XBB.1.9,XBB.1
XBB.1.9.1,XBB.1.9.1
XBB.1.9.2,XBB.1
XBB.1.9.3,XBB.1
XBB.1.9.4,XBB.1
XBB.1.9.5,XBB.1
XBB.1.9.7,XBB.1
XBB.2,other
XBB.2.1,other
XBB.2.10,other
XBB.2.11.1,other
XBB.2.2,other
XBB.2.3,other
XBB.2.3.1,other
XBB.2.3.11,other
XBB.2.3.12,other
XBB.2.3.13,other
XBB.2.3.14,other
XBB.2.3.15,other
XBB.2.3.19,other
XBB.2.3.2,other
XBB.2.3.20,other
XBB.2.3.22,other
XBB.2.3.3,other
XBB.2.3.4,other
XBB.2.3.5,other
XBB.2.3.7,other
XBB.2.3.8,other
XBB.2.3.9,other
XBB.2.4,other
XBB.2.5,other
XBB.2.6,other
XBB.2.7,other
XBB.2.8,other
XBB.3,other
XBB.3.1,other
XBB.3.2,other
XBB.3.4,other
XBB.4,other
XBB.4.1,other
XBB.6.1,other
XBB.7,other
XBB.8,other
XBB.8.1,other
XBB.9,other
XBC.1,other
XBC.1.1,other
XBC.1.2,other
XBC.1.2.1,other
XBC.1.3,other
XBC.1.3.1,other
XBC.1.5,other
XBC.1.6,other
XBC.1.6.1,other
XBC.2,other
XBD,other
XBE,other
XBF,other
XBF.1,other
XBF.1.1,other
XBF.10,other
XBF.3,other
XBF.4,other
XBF.5,other
XBF.6,other
XBF.7,other
XBF.7.1,other
XBF.9,other
XBG,other
XBH,other
XBJ.2,other
XBJ.4,other
XBK,other
XBK.1,other
XBL.1,other
XBL.2,other
XBL.3,other
XBN,other
XBP,other
XBQ,other
XBR,other
XBS,other
XBT,other
XBU,other
XBV,other
XBW,other
XBZ,other
XCA,other
XCC,other
XCF,other
XCF.3,other
XCG,other
XCH,other
XCH.1,other
XCK,other
XCL,other
XCM,other
XCP,other
XCQ,other
XCR,other
XCS,other
XCT.1,other
XCW,other
XCZ,other
XDA,other
XDA.1,other
XDB,other
XDD,other
XDD.1,other
XDD.1.1,other
XDD.1.1.1,other
XDD.2,other
XDF,other
XDG,other
XDH,other
XDK,other
XDK.1,other
XDK.1.2,other
XDK.2,other
XDK.4,other
XDK.5,other
XDL,other
XDM,other
XDN,other
XDP,other
XDP.1,other
XDQ,other
XDQ.1,other
XDQ.2,other
XDR,other
XDS,other
XDT,other
XDZ,other
XE,other
XEC,other
XED,other
XEF,other
XEG,other
XF,other
XG,other
XH,other
XJ,other
XL,other
XM,other
XN,other
XP,other
XQ,other
XR,other
XS,other
XT,other
XU,other
XV,other
XW,other
XZ,other
